artifact_id,category,name,status,version,semantic_anchors,tags,content_shard,path
WLF-THEM-INDEX,1. Core Concepts & Themes,[CANON] Formal Artifacts,ACTIVE,v15.0 [OMEGA],PART_OF: WLF-ROOT-001,index; core-concepts; nexus,- **[WLF-THEM-000 Overview](./WLF-THEM-000_Overview_v1.0.md)**: High-level thematic framework. - **[WLF-THEM-010 Betrayal](./WLF-THEM-010_Betrayal_v1.0.md)**: The institutional rot. - **[WLF-THEM-012 Corruption](./WLF-THEM-012_Corruption_v1.0.md)**: The entropy of power. - **[WLF-THEM-014 Faith vs Doubt](./WLF-THEM-014_FaithVsDoubt_v1.0.md)**: The internal trial. - **[WLF-THEM-015 Free Will vs Destiny](./WLF-THEM-015_FreeWillVsDestiny_v1.0.md)**: The deterministic trap.,1. Core Concepts & Themes\README.md
WLF-GDD-001_TheShatteredMind_v1.0,1. Core Concepts & Themes,Axiomatic Spine,ACTIVE,v1.0,,,"> [!NOTE] > This document defines the core mechanics, genre pillars, and gameplay systems for the ""Where Light Fades"" interactive experience. - **Genre**: 3rd Person Action-Horror / Psychological RPG. - **Elevator Pitch**: ""Hellblade meets Dark Souls,"" where your inventory, UI, and even the enemies hallucinate **because** of your **Shadow Corruption Level**. You play as Kaelen, a Paladin whose holy sword *Oathbringer* is also the prison for his dark alter-ego. The core loop revolves around the **Dissonance Meter** (Corruption). Therefore, player agency is directly tied to their psychological state.",1. Core Concepts & Themes\WLF-GDD-001_TheShatteredMind_v1.0.md
WLF-THEM-000_Overview_v1.0,1. Core Concepts & Themes,Axiomatic Spine,ACTIVE,v1.0,,,"> [!NOTE] > This document serves as the central index and architectural map for all narrative themes and concept-level anchors within the ""Where Light Fades"" universe. - **[WLF-THEM-002 Logline](file:///1.%20Core%20Concepts%20&%20Themes/WLF-THEM-002_Logline_v1.0.md)**: ""In a world veiled in shadow, some truths are lost but not forgotten."" - **[WLF-THEM-003 Synopsis](file:///1.%20Core%20Concepts%20&%20Themes/WLF-THEM-003_Synopsis_v1.0.md)**: The journey of Paladin Kaelen as he confronts the conspiracy of the Order and the whispers of Oathbringer. - **[WLF-GDD-001 GDD](file:///1.%20Core%20Concepts%20&%20Themes/WLF-GDD-001_TheShatteredMind_v1.0.md)**: Technical and mechanical blueprint for ""The Shattered Mind.""",1. Core Concepts & Themes\WLF-THEM-000_Overview_v1.0.md
WLF-THEM-001_Inspirations_v1.0,1. Core Concepts & Themes,Axiomatic Spine,ACTIVE,v1.0,,,"> [!NOTE] > This document lists the external media and literary works that define the aesthetic and thematic DNA of ""Where Light Fades."" - **Video Games**: - **Dark Souls** / **Bloodborne**: Oppressive atmosphere, gothic architecture, and the palpable sense of despair and ""fair but brutal"" challenge. - **Film**:",1. Core Concepts & Themes\WLF-THEM-001_Inspirations_v1.0.md
WLF-THEM-002_Logline_v1.0,1. Core Concepts & Themes,Axiomatic Spine,ACTIVE,v1.0,,,"> [!NOTE] > This document defines the single-sentence pitch for ""Where Light Fades."" In a world veiled in shadow, some truths are lost but not forgotten. - **Narrative**: [WLF-THEM-003 Synopsis](file:///1.%20Core%20Concepts%20&%20Themes/WLF-THEM-003_Synopsis_v1.0.md) - **Theme**: [Theme_Mystery](file:///1.%20Core%20Concepts%20&%20Themes/Themes/WLF-THEM-021_Mystery_v1.0.md)",1. Core Concepts & Themes\WLF-THEM-002_Logline_v1.0.md
WLF-THEM-003_Synopsis_v1.0,1. Core Concepts & Themes,Axiomatic Spine,ACTIVE,v1.0,,,"> [!NOTE] > This document captures the core narrative hook and starting conditions for the ""Where Light Fades"" journey. In the Shattered Lands, lost truths stir beneath a long, dark shadow of the past. Paladin Kaelen, once a beacon of the Order of the White Flame, is sent to the village of Oakhaven on a mission that will shatter all he once believed. The events that transpire begin to twist his thoughts, and a conspiracy is revealed, threatening all he holds dear. Now, wielding the legendary sword **Oathbringer**, a blade that whispers forbidden knowledge, Kaelen must battle an evil he's only ever faced in his nightmares. - **Protagonist**: [Kaelen](file:///6.%20Characters/WLF-CHAR-001_Kaelen_v1.0.md)",1. Core Concepts & Themes\WLF-THEM-003_Synopsis_v1.0.md
WLF-THEM-010_Betrayal_v1.0,1. Core Concepts & Themes,Axiomatic Spine,ACTIVE,v1.0,,,"> [!NOTE] > This document defines the thematic pillar of Betrayal within the ""Where Light Fades"" universe. Kaelen experiences betrayal, shattering his trust and forcing him to confront the flawed nature of the Order and those he once held dear. This explores the deep emotional impact of broken trust. - **Character Core**: Betrayal acts as the catalyst for Kaelen's separation from the Order's dogma. - **Narrative Weight**: Every instance of betrayal must focus on the *emotional fallout* rather than just the tactical loss.",1. Core Concepts & Themes\WLF-THEM-010_Betrayal_v1.0.md
WLF-THEM-011_Conspiracy_v1.0,1. Core Concepts & Themes,Axiomatic Spine,ACTIVE,v1.0,,,"> [!NOTE] > This document defines the thematic pillar of Conspiracy within the ""Where Light Fades"" universe. The world is built on a foundation of hidden truths and institutional lies. The Order of the White Flame suppresses the history of Eldrin and the true nature of the Heartstones to maintain control and avoid public panic. - **The Eldrin Affair**: The cover-up of the original wielder's fall. - **The Living Seal**: The hidden cost of ""Ascension.""",1. Core Concepts & Themes\WLF-THEM-011_Conspiracy_v1.0.md
WLF-THEM-012_Corruption_v1.0,1. Core Concepts & Themes,Axiomatic Spine,ACTIVE,v1.0,,,"> [!NOTE] > This document defines the thematic pillar of Corruption within the ""Where Light Fades"" universe. Both Kaelen and the Order of the White Flame face corruption. Kaelen struggles against the insidious influence of the Shadow Self and a tainted Oathbringer, while the Order grapples with hidden secrets, past mistakes, and the manipulative actions of Valerius. - **Internal**: [Kaelen's Shadow Self](file:///Docs/WLF-DOC-009_ConceptualAnchors_v1.0.md) and the ""Stain"" on Oathbringer. - **External**: The [Nyx](file:///Docs/WLF-LORE-001_LoreBible_v1.0.md) influence and the ""Reality Rot"" in Null Zones.",1. Core Concepts & Themes\WLF-THEM-012_Corruption_v1.0.md
WLF-THEM-013_CycleOfViolence_v1.0,1. Core Concepts & Themes,Axiomatic Spine,ACTIVE,v1.0,,,"> [!NOTE] > This document defines the thematic pillar of the Cycle of Violence within the ""Where Light Fades"" universe. Violence begets violence. The Order's ""Purges"" created the monsters they now fight. Kaelen's combat prowess is both his salvation and his damnation, as every kill feeds the Shadow Self. - **Blowback**: The physical manifestation of ""Reality Rot"" following the destruction of a corrupted Heartstone. - **Spiritual Toll**: The increasing ease with which Kaelen enters ""Dark Mode"" after each lethal confrontation.",1. Core Concepts & Themes\WLF-THEM-013_CycleOfViolence_v1.0.md
WLF-THEM-014_FaithVsDoubt_v1.0,1. Core Concepts & Themes,Axiomatic Spine,ACTIVE,v1.0,,,"> [!NOTE] > This document defines the thematic pillar of Faith vs Doubt within the ""Where Light Fades"" universe. Kaelen's journey is defined by a crisis of faith, as he questions the Order's teachings, his own beliefs, and the nature of the White Flame. This theme explores the complexities of faith, the dangers of blind belief, and the importance of seeking truth. - **The White Flame**: Questioning if the ""Light"" is a moral force or a cold cosmic law. - **Institutional Trust**: The slow hollowing of Kaelen's faith in the Elders.",1. Core Concepts & Themes\WLF-THEM-014_FaithVsDoubt_v1.0.md
WLF-THEM-015_FreeWillVsDestiny_v1.0,1. Core Concepts & Themes,Axiomatic Spine,ACTIVE,v1.0,,,"> [!NOTE] > This document defines the thematic pillar of Free Will vs Destiny within the ""Where Light Fades"" universe. Kaelen's struggle highlights the conflict between choosing one's own path and being seemingly bound by fate or a predetermined destiny, especially with the influence of the Shadow Self and Valerius's manipulations. - **The Prophecy**: The [Sundered Blade](file:///Docs/WLF-DOC-000_PhoenixProtocols_v1.0.md) foretelling a binary choice that Kaelen aims to triangulate. - **The Golden Leash**: Valerius's attempts to guide Kaelen's choices while maintaining the illusion of agency.",1. Core Concepts & Themes\WLF-THEM-015_FreeWillVsDestiny_v1.0.md
WLF-THEM-016_Hope_v1.0,1. Core Concepts & Themes,Axiomatic Spine,ACTIVE,v1.0,,,"> [!NOTE] > This document defines the thematic pillar of Hope within the ""Where Light Fades"" universe. Even in a world veiled in shadow, Hope remains the only force capable of anchoring reality. It is not a naive feeling, but a grit-teeth decision to continue moving forward when the ""Light"" feels thin. - **The Trio's Bond**: The shared laughter and small joys that occur despite the darkness. - **Serafina's Faith**: Her unwavering belief in Kaelen's core goodness.",1. Core Concepts & Themes\WLF-THEM-016_Hope_v1.0.md
WLF-THEM-017_Isolation_v1.0,1. Core Concepts & Themes,Axiomatic Spine,ACTIVE,v1.0,,,"> [!NOTE] > This document defines the thematic pillar of Isolation within the ""Where Light Fades"" universe. Kaelen's growing isolation, both physical and emotional, makes him more vulnerable to the Shadow Self's influence and Valerius's manipulations. This highlights the importance of human connection as a defensive barrier. - **The Quarantine**: Kaelen's habit of physically distancing himself to protect his friends' purity. - **The Secret**: The burden of knowing the ""high"" of Dark Mode, which he cannot share.",1. Core Concepts & Themes\WLF-THEM-017_Isolation_v1.0.md
WLF-THEM-018_LossAndGrief_v1.0,1. Core Concepts & Themes,Axiomatic Spine,ACTIVE,v1.0,,,"> [!NOTE] > This document defines the thematic pillar of Loss and Grief within the ""Where Light Fades"" universe. Loss, particularly the trauma of the Oakhaven ritual and the death of Kaelen's parents, is a driving force, fueling his guilt, vulnerability, and desire for protection. The Shadow Self exploits these feelings as leverage to bypass Kaelen's moral defenses. - **The Hamlet Calamity**: The foundational wound. - **Elara's Fate**: The secondary trauma that triggers the ""Act II"" transition.",1. Core Concepts & Themes\WLF-THEM-018_LossAndGrief_v1.0.md
WLF-THEM-019_LostKnowledge_v1.0,1. Core Concepts & Themes,Axiomatic Spine,ACTIVE,v1.0,,,"> [!NOTE] > This document defines the thematic pillar of Lost Knowledge within the ""Where Light Fades"" universe. The world is a graveyard of advanced understanding. Whether through environmental cataclysm (The Sundering) or intentional institutional erasure (The Order), the tools and truths required to solve the ""Corruption"" have been forgotten. - **Eldorian Architecture**: The functioning of the Heartstone network. - **Dual-Channel Resonance**: The lost art of balancing Light and Nyx.",1. Core Concepts & Themes\WLF-THEM-019_LostKnowledge_v1.0.md
WLF-THEM-020_MoralAmbiguity_v1.0,1. Core Concepts & Themes,Axiomatic Spine,ACTIVE,v1.0,,,"> [!NOTE] > This document defines the thematic pillar of Moral Ambiguity within the ""Where Light Fades"" universe. Characters are driven by complex motivations, making choices that blur the lines between good and evil. The story challenges readers to question their own moral judgments and empathize with characters facing ""impossible dilemmas"" where every path has a cost. - **The Shadow Paradox**: Using a corrupt force to prevent a larger catastrophe. - **The Order's Pragmatism**: The decision to ""Seal"" heroes to protect the many.",1. Core Concepts & Themes\WLF-THEM-020_MoralAmbiguity_v1.0.md
WLF-THEM-021_Mystery_v1.0,1. Core Concepts & Themes,Axiomatic Spine,ACTIVE,v1.0,,,"> [!NOTE] > This document defines the thematic pillar of Mystery within the ""Where Light Fades"" universe. The ""Where Light Fades"" universe is not fully explored or explained. Mystery serves to create a sense of scale and dread. Some elements (such as the true origin of Nyx or the location of the Twin Heartstone Shard) remain key narrative drivers. - **The Twin Shard**: Where is the second half of Kaelen's Blue Stone? - **The Whispering Winds**: What is the source of the Sentient Entropy?",1. Core Concepts & Themes\WLF-THEM-021_Mystery_v1.0.md
WLF-THEM-022_PowerVsControl_v1.0,1. Core Concepts & Themes,Axiomatic Spine,ACTIVE,v1.0,,,"> [!NOTE] > This document defines the thematic pillar of Power vs Control within the ""Where Light Fades"" universe. The pursuit of power for the sake of control is presented as dangerous and ultimately corrupting. True strength is linked to self-control and wisdom, whereas ""Domination"" (the path of Valerius and the Shadow) leads to the hollowing of the soul. - **The Hand of Light**: The ultimate symbol of ""Control"" over ""Power."" - **Shadow's Rage**: The illusion of power through loss of control.",1. Core Concepts & Themes\WLF-THEM-022_PowerVsControl_v1.0.md
WLF-THEM-023_Resistance_v1.0,1. Core Concepts & Themes,Axiomatic Spine,ACTIVE,v1.0,,,"> [!NOTE] > This document defines the thematic pillar of Resistance within the ""Where Light Fades"" universe. Despite the overwhelming darkness, Kaelen's internal strength, his memories of loved ones, and his connections to Serafina and Garrett provide sources of resistance. This emphasizes the enduring power of hope and human connection as the only functional ""Anti-Corruption."" - **The Blue Stone**: A physical focus for the memory of Home. - **The Trinity Strike**: Tactical resistance through absolute coordination.",1. Core Concepts & Themes\WLF-THEM-023_Resistance_v1.0.md
WLF-THEM-024_StatusQuoVsTruth_v1.0,1. Core Concepts & Themes,Axiomatic Spine,ACTIVE,v1.0,,,"> [!NOTE] > This document defines the thematic pillar of Status Quo vs Truth within the ""Where Light Fades"" universe. The Order's rigid adherence to tradition and its suppression of uncomfortable truths are challenged by Kaelen's quest for knowledge and his questioning of established norms. The conflict is between ""Safety through Ignorance"" and ""Salvation through Understanding."" - **The Archives**: Where the truth is hidden but still exists. - **The Living Seal**: The ultimate ""Status Quo"" that Kaelen aims to break.",1. Core Concepts & Themes\WLF-THEM-024_StatusQuoVsTruth_v1.0.md
WLF-THEM-025_Temptation_v1.0,1. Core Concepts & Themes,Axiomatic Spine,ACTIVE,v1.0,,,"> [!NOTE] > This document defines the thematic pillar of Temptation within the ""Where Light Fades"" universe. The darkness, embodied by Nyx and the Shadow Self, offers seductive promises of power and quick solutions, preying on Kaelen's vulnerabilities and desires. Temptation is rarely an offer to be ""evil,"" but an offer to be **effective** at any cost. - **The Efficient Win**: ""Why struggle when you can end this in a second?"" - **The Protector's Fall**: ""They are too weak to survive without you embracing this.""",1. Core Concepts & Themes\WLF-THEM-025_Temptation_v1.0.md
Nyx_s Bile - Oily Residue,10. Key Symbols & Motifs,Axiomatic Spine,ACTIVE,v1.0,,,"- | :---- | Visual marker of Nyx's power and Shadow Self's influence. Synergistic Artifact ID, Relationship Type, Synergistic Impact CORE-CODEX-001, GOVERNS, The Codex provides the Supreme Law for this artifact. GVRN.Registry.Master, INDEXES, This artifact is indexed in the Master Registry.",10. Key Symbols & Motifs\Nyx_s Bile - Oily Residue.md
WLF-SYMB-INDEX,10. Key Symbols & Motifs,[CANON] Visual & Metaphysical Symbols,ACTIVE,v15.0 [OMEGA],PART_OF: WLF-ROOT-001,index; symbols-motifs; nexus,"- **[WLF-SYMB-001 Symbol of Binding](./WLF-SYMB-001_SymbolOfBinding_v1.0.md)**: The geometry of repression. - **[WLF-SYMB-002 Black Feather](./WLF-SYMB-002_BlackFeather_v1.0.md)**: The presence of the pre-sundered. - **[WLF-SYMB-003 Cracked Glass](./WLF-SYMB-003_CrackedGlass_v1.0.md)**: Fractured perception. - **[WLF-SYMB-005 Nyx's Bile](./WLF-SYMB-005_NyxBile_v1.0.md)**: The physical manifestation of doubt. - **Various Motif Fragments**: (Ressidue, Stained Glass, Whispering Blade Symbols).",10. Key Symbols & Motifs\README.md
Symbol_Black Feather,10. Key Symbols & Motifs,Axiomatic Spine,ACTIVE,v1.0,,,"- | :---- | Synergistic Artifact ID, Relationship Type, Synergistic Impact CORE-CODEX-001, GOVERNS, The Codex provides the Supreme Law for this artifact. GVRN.Registry.Master, INDEXES, This artifact is indexed in the Master Registry.",10. Key Symbols & Motifs\Symbol_Black Feather.md
Symbol_Cracked Stained Glass,10. Key Symbols & Motifs,Axiomatic Spine,ACTIVE,v1.0,,,"- | :---- | Synergistic Artifact ID, Relationship Type, Synergistic Impact CORE-CODEX-001, GOVERNS, The Codex provides the Supreme Law for this artifact. GVRN.Registry.Master, INDEXES, This artifact is indexed in the Master Registry.",10. Key Symbols & Motifs\Symbol_Cracked Stained Glass.md
Symbol_Whispering Blade,10. Key Symbols & Motifs,Axiomatic Spine,ACTIVE,v1.0,,,"- | :---- | Synergistic Artifact ID, Relationship Type, Synergistic Impact CORE-CODEX-001, GOVERNS, The Codex provides the Supreme Law for this artifact. GVRN.Registry.Master, INDEXES, This artifact is indexed in the Master Registry.",10. Key Symbols & Motifs\Symbol_Whispering Blade.md
WLF-SYMB-001_SymbolOfBinding_v1.0,10. Key Symbols & Motifs,Axiomatic Spine,ACTIVE,v1.0,,,"> [!IMPORTANT] > **Hephaestus Engine ID**: `SYMB-BINDING-001` > **Causal Role**: The Valve / The Funnel > **Resonance Check**: v11.0 (Harmonized) A geometric sigil consisting of a perfect circle intersected by three inward-pointing, thorn-like arrows. The arrows do not touch the center but direct focus towards it.",10. Key Symbols & Motifs\WLF-SYMB-001_SymbolOfBinding_v1.0.md
WLF-SYMB-002_BlackFeather_v1.0,10. Key Symbols & Motifs,Axiomatic Spine,ACTIVE,v1.0,,,"**Black Feathers** represent the ""Wings of the Void"" and the encroaching presence of the [Shadow Self](file:///6.%20Characters/WLF-CHAR-007_Shadow_Self_v1.0.md). - Appears as a singular, impossible feather found in ""Closed Systems"" (e.g., inside a sealed cell or a person's pocket). - It is often the first physical sign of a character’s [Dissonance](file:///1.%20Core%20Concepts%20&%20Themes/WLF-GDD-001_TheShatteredMind_v1.0.md) rising. - It serves as a calling card for [Valerius](file:///6.%20Characters/WLF-CHAR-004_Valerius_v1.0.md), mocking the ""Light-bound"" with evidence of their internal shadows. ⚡ **OPERATIONALIZE**",10. Key Symbols & Motifs\WLF-SYMB-002_BlackFeather_v1.0.md
WLF-SYMB-003_CrackedGlass_v1.0,10. Key Symbols & Motifs,Axiomatic Spine,ACTIVE,v1.0,,,"**Cracked Stained Glass** represents the **""Fractured History""** of Eldoria and the unreliability of the hero-myth. - Found primarily in the [Hallowed Chapel](file:///2.%20World%20&%20Setting/Locations/WLF-WRLD-012_HallowedChapel_v1.0.md). - As the world decays, the spiderweb cracks in the windows increasingly obscure the faces of the depicted Eldorian ""Heroes."" - Reflects the [Theme of Faith vs. Doubt](file:///1.%20Core%20Concepts%20&%20Themes/Themes/WLF-THEM-001_FaithVsDoubt_v1.0.md). Kaelen often sees his own reflection ""fractured"" across these windows. ⚡ **OPERATIONALIZE**",10. Key Symbols & Motifs\WLF-SYMB-003_CrackedGlass_v1.0.md
WLF-SYMB-004_WhisperingBladeSymbol_v1.0,10. Key Symbols & Motifs,Axiomatic Spine,ACTIVE,v1.0,,,"The **Whispering Blade Symbol** represents the **""Burden of the Truth""** and the price of forbidden power. - Unlike the physical weapon, the *symbol* of the blade—a vertical line bifurcated by a horizontal zig-zag (The Dissonance)—appears in Eldorian ""Black Sites"" and on the clothing of the High Council. - It is a warning of the ""Sword that cuts the wielder."" - Connects [Oathbringer](file:///8.%20Artifacts%20Key%20Items/WLF-ITEM-002_Oathbringer_v1.0.md) to a broader systemic failure, rather than just a ""unlucky find."" ⚡ **OPERATIONALIZE**",10. Key Symbols & Motifs\WLF-SYMB-004_WhisperingBladeSymbol_v1.0.md
WLF-SYMB-005_NyxBile_v1.0,10. Key Symbols & Motifs,Axiomatic Spine,ACTIVE,v1.0,,,"**Nyx's Bile** is a physical, oily residue that marks the presence of high-resonance [Nyx](file:///3.%20History,%20Lore,%20&%20Mythology/Eras_Events/WLF-LORE-020_Nyx_v1.0.md) energy. - **Appearance**: A thick, black, iridescent liquid that defies gravity (crawling up walls or pooling against wind). - **Sensory**: Smells of ozone and old, wet iron. Touching it causes immediate ""Static-Burn."" - It is the physical manifestation of **""Reality Rot.""** - Its presence indicates that a [Heartstone](file:///5.%20Magic%20and%20Power%20Systems/WLF-MAGI-002_Heartstones_v1.0.md) is being actively drained or sabotaged.",10. Key Symbols & Motifs\WLF-SYMB-005_NyxBile_v1.0.md
Heartstone (Oakhaven),11. Concepts_Misc,Axiomatic Spine,ACTIVE,v1.0,,,"- | :---- | Synergistic Artifact ID, Relationship Type, Synergistic Impact CORE-CODEX-001, GOVERNS, The Codex provides the Supreme Law for this artifact. GVRN.Registry.Master, INDEXES, This artifact is indexed in the Master Registry.",11. Concepts_Misc\Heartstone (Oakhaven).md
Heartstones (Destabilization),11. Concepts_Misc,Axiomatic Spine,ACTIVE,v1.0,,,"- | :---- | Synergistic Artifact ID, Relationship Type, Synergistic Impact CORE-CODEX-001, GOVERNS, The Codex provides the Supreme Law for this artifact. GVRN.Registry.Master, INDEXES, This artifact is indexed in the Master Registry.",11. Concepts_Misc\Heartstones (Destabilization).md
Heartstones (Discovery Legend),11. Concepts_Misc,Axiomatic Spine,ACTIVE,v1.0,,,"- | :---- | Synergistic Artifact ID, Relationship Type, Synergistic Impact CORE-CODEX-001, GOVERNS, The Codex provides the Supreme Law for this artifact. GVRN.Registry.Master, INDEXES, This artifact is indexed in the Master Registry.",11. Concepts_Misc\Heartstones (Discovery Legend).md
Heartstones (Origin),11. Concepts_Misc,Axiomatic Spine,ACTIVE,v1.0,,,"- | :---- | Synergistic Artifact ID, Relationship Type, Synergistic Impact CORE-CODEX-001, GOVERNS, The Codex provides the Supreme Law for this artifact. GVRN.Registry.Master, INDEXES, This artifact is indexed in the Master Registry.",11. Concepts_Misc\Heartstones (Origin).md
Kaelen (Dark Mode),11. Concepts_Misc,Axiomatic Spine,ACTIVE,v1.0,,,"- | :---- | Synergistic Artifact ID, Relationship Type, Synergistic Impact CORE-CODEX-001, GOVERNS, The Codex provides the Supreme Law for this artifact. GVRN.Registry.Master, INDEXES, This artifact is indexed in the Master Registry.",11. Concepts_Misc\Kaelen (Dark Mode).md
Kaelen (Internal Struggle),11. Concepts_Misc,Axiomatic Spine,ACTIVE,v1.0,,,"- | :---- | Synergistic Artifact ID, Relationship Type, Synergistic Impact CORE-CODEX-001, GOVERNS, The Codex provides the Supreme Law for this artifact. GVRN.Registry.Master, INDEXES, This artifact is indexed in the Master Registry.",11. Concepts_Misc\Kaelen (Internal Struggle).md
Kaelen (Light Mode),11. Concepts_Misc,Axiomatic Spine,ACTIVE,v1.0,,,"- | :---- | Synergistic Artifact ID, Relationship Type, Synergistic Impact CORE-CODEX-001, GOVERNS, The Codex provides the Supreme Law for this artifact. GVRN.Registry.Master, INDEXES, This artifact is indexed in the Master Registry.",11. Concepts_Misc\Kaelen (Light Mode).md
WLF-MISC-INDEX,11. Concepts_Misc,[NEXUS] Technical & Developmental Notes,ACTIVE,v15.0 [OMEGA],PART_OF: WLF-ROOT-001,index; misc-concepts; nexus,"- **[Shadow Realm (Concept)](<./Shadow%20Realm%20(Concept).md>)**: Deep metaphysical drafts. - **[Heartstone Variations](./)**: Oakhaven, Origin, Destabilization notes. - **[Kaelen State Arcs](./)**: Internal struggle and mode transitions.",11. Concepts_Misc\README.md
Shadow Realm (Concept),11. Concepts_Misc,Axiomatic Spine,ACTIVE,v1.0,,,"- | :---- | Synergistic Artifact ID, Relationship Type, Synergistic Impact CORE-CODEX-001, GOVERNS, The Codex provides the Supreme Law for this artifact. GVRN.Registry.Master, INDEXES, This artifact is indexed in the Master Registry.",11. Concepts_Misc\Shadow Realm (Concept).md
README,12. Narrative Artifacts Archive,[NEXUS] Legacy & Deprecated Documentation,ACTIVE,v1.0,,,- **[Archive Overview](./)**: Historical versions of lore and plot. - **[v13.0 Artifacts](./)**: Legacy OMEGA baseline. - **[Conceptual Drafts](./)**: Early-stage system designs.,12. Narrative Artifacts Archive\README.md
WLF-VISUAL-INDEX,13. Visual & Aesthetic Direction,[CANON] Style & Tone,ACTIVE,v15.0 [OMEGA],PART_OF: WLF-ROOT-001,index; visual-direction; nexus,- **[WLF-VIS-001 Visual Style Guide](./WLF-VIS-001_VisualStyleGuide_v1.0.md)**: Color palettes and typography. - **[WLF-VIS-002 Concept Art References](./)**: Curated imagery nexuses. - **[WLF-VIS-010 Dark Mode UI](./WLF-VIS-010_DarkModeUI_v1.0.md)**: Interface corruption aesthetics. - **[Style Notes.md](./Style%20Notes.md)**: Early aesthetic brainstorming.,13. Visual & Aesthetic Direction\README.md
WLF-WORLD-INDEX,2. World & Setting,[CANON] Geography & Locations,ACTIVE,v15.0 [OMEGA],PART_OF: WLF-ROOT-001,index; world-setting; nexus,- **[WLF-WRLD-000 Overview](./WLF-WRLD-000_Overview_v1.0.md)**: The geography of the blighted lands. - **[WLF-WRLD-011 Fortress of Light](./WLF-WRLD-011_FortressOfLight_v1.0.md)**: The bastion of order. - **[WLF-WRLD-013 Oakhaven](./WLF-WRLD-013_Oakhaven_v1.0.md)**: The site of the sundering. - **[WLF-WRLD-014 Ruins of Eldoria](./WLF-WRLD-014_RuinsOfEldoria_v1.0.md)**: Ancient origins. - **[WLF-WRLD-015 Spine of Despair](./WLF-WRLD-015_SpineOfDespair_v1.0.md)**: The physical boundary.,2. World & Setting\README.md
WLF-WRLD-000_Overview_v1.0,2. World & Setting,Axiomatic Spine,ACTIVE,v1.0,,,"> [!NOTE] > This document provides the foundational overview of the Shattered Lands, the primary setting for the narrative. The Shattered Lands is a desolate and haunting region characterized by a dark, oppressive, and unsettling atmosphere. Once a vibrant and thriving area, it has been ravaged by the **Great Sundering**, which shattered a previous era of harmony. The land itself is a physical manifestation of internal struggles, reflecting the brokenness of society, the shattered lives of its people, and the corruption that threatens to consume both the land and individual faith. - **[WLF-WRLD-002 Map](file:///2.%20World%20&%20Setting/WLF-WRLD-002_Map_v1.0.md)**: Cartographic representation.",2. World & Setting\WLF-WRLD-000_Overview_v1.0.md
WLF-WRLD-001_Geography_v1.0,2. World & Setting,Axiomatic Spine,ACTIVE,v1.0,,,"> [!NOTE] This document details the physical terrain, climate, and sensory atmosphere of the Shattered Lands. - **General Impression**: A continent violently fractured by the **Great Sundering**; defined by jagged coastlines and deep spiritual fissures. - **Key Features**: - **[The Spine of Despair](file:///2.%20World%20&%20Setting/Locations/WLF-WRLD-014_SpineOfDespair_v1.0.md)**:",2. World & Setting\WLF-WRLD-001_Geography_v1.0.md
WLF-WRLD-002_Map_v1.0,2. World & Setting,Axiomatic Spine,ACTIVE,v1.0,,,> [!NOTE] This document acts as the primary cartographic index for the project's geographic assets. - **Primary Map Image**: [Shattered Lands Map](file:///Visuals/Shattered_Lands_Map.jpg) - **Regional Overviews**: - [The Northern Marches](file:///Docs/WLF-DOC-000_PhoenixProtocols_v1.0.md) - [The Ashen Wastes](file:///2.%20World%20&%20Setting/Locations/WLF-WRLD-010_AshenWastes_v1.0.md),2. World & Setting\WLF-WRLD-002_Map_v1.0.md
WLF-WRLD-003_NullZones_v1.0,2. World & Setting,Axiomatic Spine,ACTIVE,v1.0,,,"> [!NOTE] This document defines the physics and effects of Null Zones—pockets of anti-reality where the laws of nature > break down. Null Zones are areas where the **Heartstone Network** has suffered critical failure. These are not just magical ""blights"" but literal holes in the fabric of existence where the Shadow Self/Nyx influence is absolute. - **Visual Distortion**: Geometry fractures; colors bleed or turn to grayscale.",2. World & Setting\WLF-WRLD-003_NullZones_v1.0.md
WLF-WRLD-004_CorruptedFauna_v1.0,2. World & Setting,Axiomatic Spine,ACTIVE,v1.0,,,"> [!NOTE] > This document catalogs the wildlife of the Shattered Lands that has succumbed to the influence of Nyx. - **Shadowbats**: Bats with dark, oily fur and glowing red eyes; often serve as early warning signs of an approaching Null Zone. - **Gloom Hounds**: Pack hunters with eerie green eyes that prowl the Gloomwood. - **Nightwraiths**: Spectral beings feeding on despair in tragic locations.",2. World & Setting\WLF-WRLD-004_CorruptedFauna_v1.0.md
WLF-WRLD-005_CorruptedFlora_v1.0,2. World & Setting,Axiomatic Spine,ACTIVE,v1.0,,,"> [!NOTE] > This document catalogs the plant life of the Shattered Lands that has been mutated by the Nyx/Shattering. - **Gloomwood Trees**: Towering, ancient trees with dark purple leaves that absorb light. - **Bloodpetal Vines**: Crimson flowers dripping viscous, poisonous sap; emblems of encroaching darkness. - **Ghostbloom**: Luminescent flowers that induce unsettling visions upon contact.",2. World & Setting\WLF-WRLD-005_CorruptedFlora_v1.0.md
WLF-WRLD-006_FortressLibrary_v1.0,2. World & Setting,Axiomatic Spine,ACTIVE,v1.0,,,"> [!NOTE] This document defines the Fortress Library, a key lore-discovery location within the Order's stronghold. The Fortress Library is the primary repository of sanctioned Knowledge and ""Restricted Truths"" regarding the Age of Eldoria. - **Chronicles of the White Flame**: Official Order history. - **The Eldrin Codices (Restricted)**: Sanitized accounts of the first wielder's research.",2. World & Setting\WLF-WRLD-006_FortressLibrary_v1.0.md
WLF-WRLD-010_AshenWastes_v1.0,2. World & Setting,Axiomatic Spine,ACTIVE,v1.0,,,"> [!NOTE] > This document defines the Ashen Wastes, a vast, desolate landscape south of the Spine of Despair. - **Description**: A vast, ash-covered landscape characterized by cracked earth and wind-sculpted dunes. The sky is perpetually choked with grit, carrying a distinct metallic tang. - **Key Feature**: The **Weeping River** flows through the region, its waters grey and heavy with silt. - **Environmental Theme**: Symbolizes loss and the physical entropy of the world.",2. World & Setting\WLF-WRLD-010_AshenWastes_v1.0.md
WLF-WRLD-011_FortressOfLight_v1.0,2. World & Setting,Axiomatic Spine,ACTIVE,v1.0,,,"> [!NOTE] > This document defines the Fortress of Light, the primary stronghold of the Order of the White Flame. Situated on a high plateau overlooking the Northern Marches, the Fortress is an imposing structure of white stone. While it once stood as a symbol of hope, its atmosphere has become increasingly oppressive and clinical. - **[Hallowed Chapel](file:///2.%20World%20&%20Setting/Locations/WLF-WRLD-012_HallowedChapel_v1.0.md)**: The spiritual heart, containing the display for the [Hand of Purity](file:///Docs/WLF-DOC-009_ConceptualAnchors_v1.0.md). - **[Fortress Library](file:///2.%20World%20&%20Setting/WLF-WRLD-006_FortressLibrary_v1.0.md)**: Repository of restricted Eldorian lore.",2. World & Setting\WLF-WRLD-011_FortressOfLight_v1.0.md
WLF-WRLD-012_HallowedChapel_v1.0,2. World & Setting,Axiomatic Spine,ACTIVE,v1.0,,,"> [!NOTE] > This document defines the Hallowed Chapel, the spiritual center within the Fortress of Light. A grand structure of vaulted stone and [Cracked Stained Glass](file:///Docs/WLF-LORE-001_LoreBible_v1.0.md). The chapel is dominated by an altar that formerly housed the **Hand of Purity**. - **The empty display**: Represents the Order's loss of original power and their transition to ""Imitation"" relics like the Hand of Light. - **Fractured Glass**: The heroes depicted in the windows are increasingly obscured by spiderweb cracks, mirroring the shattering of the current era.",2. World & Setting\WLF-WRLD-012_HallowedChapel_v1.0.md
WLF-WRLD-013_Oakhaven_v1.0,2. World & Setting,Axiomatic Spine,ACTIVE,v1.0,,,"> [!NOTE] > This document defines Oakhaven, the village central to the ""Shadow Embraced"" event and the start of Valerius's tactical deception. A remote village in the Northern Marches, once centered around an ancient, sacred oak. It is now the **Heart of the Blight**, where the Great Oak—a symbol of life and nexus of the region's Heartstone power—was twisted into a profane altar for a dark ritual. - **The Bloody Meadows**: A once-verdant field northwest of the village, now a primary hunting ground for Blight Ghouls and the site of localized cultist activity. - **The Shadowed Vale**: A narrow ravine characterized by thick, unnatural fog and home to the invisible **Mist-Stalkers**.",2. World & Setting\WLF-WRLD-013_Oakhaven_v1.0.md
WLF-WRLD-014_RuinsOfEldoria_v1.0,2. World & Setting,Axiomatic Spine,ACTIVE,v1.0,,,"> [!NOTE] > This document defines the Ruins of Eldoria, the remains of the advanced civilization that preceded the Great Sundering. Located west of the Spine of Despair, Eldoria consists of broken walls, crumbling towers, and cyclopean architecture that defies current building techniques. - **Ancient Artifacts**: Site of [Lost Knowledge](file:///1.%20Core%20Concepts%20&%20Themes/Themes/WLF-THEM-019_LostKnowledge_v1.0.md) and Eldorian machinery. - **The Blue Stone Sources**: Potential locations for finding Twin Shards.",2. World & Setting\WLF-WRLD-014_RuinsOfEldoria_v1.0.md
WLF-WRLD-015_SpineOfDespair_v1.0,2. World & Setting,Axiomatic Spine,ACTIVE,v1.0,,,"> [!NOTE] > This document defines the Spine of Despair, the primary north-south mountain range of the Shattered Lands. A formidable range of volcanic rock and obsidian crags. The mountains are riddled with deep fissures and shadowed valleys that rarely see the ""Light."" - **Barrier**: Divides the [Ashen Wastes](file:///2.%20World%20&%20Setting/Locations/WLF-WRLD-010_AshenWastes_v1.0.md) from the [Whisperwood](file:///2.%20World%20&%20Setting/Locations/WLF-WRLD-017_Whisperwood_v1.0.md). - **The Source**: Headwaters of the Weeping River.",2. World & Setting\WLF-WRLD-015_SpineOfDespair_v1.0.md
WLF-WRLD-016_WhisperingStones_v1.0,2. World & Setting,Axiomatic Spine,ACTIVE,v1.0,,,"> [!NOTE] > This document defines the Whispering Stones, the ancient site where the boundaries between the physical world and the Shadow Realm are thinnest. A circle of massive, weathered stones etched with swirling patterns and distorted faces. The stones hum with a low vibration that interacts with the wind to create literal human-like whispers. - **Eldrin's Fall**: The site of the ritual that corrupted the first wielder. - **The Genesis of Heartstones**: Legend states the first stones were discovered here after the Great Sundering.",2. World & Setting\WLF-WRLD-016_WhisperingStones_v1.0.md
WLF-WRLD-017_Whisperwood_v1.0,2. World & Setting,Axiomatic Spine,ACTIVE,v1.0,,,"> [!NOTE] > This document defines the Whisperwood, the vast, ancient forest east of the Spine of Despair. A dense, ancient forest dominated by [Gloomwood Trees](file:///2.%20World%20&%20Setting/WLF-WRLD-005_CorruptedFlora_v1.0.md). The canopy is so thick that daylight rarely reaches the floor, creating an area of perpetual twilight. - **Deep Whisperwood**: Hides the circle of [Whispering Stones](file:///2.%20World%20&%20Setting/Locations/WLF-WRLD-016_WhisperingStones_v1.0.md). - **The Silent Expanse**: A section of the forest where even the wind fails to make sound.",2. World & Setting\WLF-WRLD-017_Whisperwood_v1.0.md
WLF-LORE-INDEX,"3. History, Lore, & Mythology",[CANON] Historical Ages & Prophecy,ACTIVE,v15.0 [OMEGA],PART_OF: WLF-ROOT-001,index; history-lore; nexus,- **[WLF-LORE-010 Timeline](./WLF-LORE-010_Timeline_v1.0.md)**: The absolute chronological anchor. - **[WLF-LORE-014 The Great Sundering](./WLF-LORE-014_TheGreatSundering_v1.0.md)**: The primal trauma. - **[WLF-LORE-015 Eldrin's Fall](./WLF-LORE-015_EldrinsFall_v1.0.md)**: The institutional secret. - **[WLF-LORE-017 The Prophecy](./WLF-LORE-017_TheProphecy_v1.0.md)**: The deterministic blueprint. - **[WLF-LORE-018 The Cover-Up](./WLF-LORE-018_TheCoverUp_v1.0.md)**: The logic of silence.,"3. History, Lore, & Mythology\README.md"
WLF-LORE-010_Timeline_v1.0,"3. History, Lore, & Mythology",Axiomatic Spine,ACTIVE,v1.0,,,"> [!NOTE] > This document defines the chronological sequence of major eras and events within the ""Where Light Fades"" universe. - **[WLF-LORE-013 Dawn Age](file:///3.%20History,%20Lore,%20&%20Mythology/Eras_Events/WLF-LORE-013_DawnAge_v1.0.md)**: Cosmic battle of light vs. darkness forms the world. - **[WLF-LORE-011 Age of Eldoria](file:///3.%20History,%20Lore,%20&%20Mythology/Eras_Events/WLF-LORE-011_AgeOfEldoria_v1.0.md)**: Advanced civilization arises; creation of the Heartstone Network. - **The Great Sundering**: Cataclysmic collapse of Eldoria and the fracturing of the continent.","3. History, Lore, & Mythology\WLF-LORE-010_Timeline_v1.0.md"
WLF-LORE-011_AgeOfEldoria_v1.0,"3. History, Lore, & Mythology",Axiomatic Spine,ACTIVE,v1.0,,,"> [!IMPORTANT] > **Hephaestus Engine ID**: `LORE-ERA-002` > **Causal Role**: The Lost Golden Age / The Source of the Schism > **Resonance Check**: v11.0 (Harmonized) > **""They did not fear the dark, for they had not yet forgotten the light.""**","3. History, Lore, & Mythology\WLF-LORE-011_AgeOfEldoria_v1.0.md"
WLF-LORE-012_AgeOfTheWhiteFlame_v1.0,"3. History, Lore, & Mythology",Axiomatic Spine,ACTIVE,v1.0,,,"> [!NOTE] > This document defines the Age of the White Flame, the era of post-Sundering recovery and the rise of the Order. Following the Great Sundering, the survivors organized around the teachings of the **Elders**, forming the Order of the White Flame. This era is defined by the rigid suppression of Eldorian history and the outlawing of dark magic. - **The Fortress of Light**: Built as the central bastion against the encroaching darkness. - **Dogma over Knowledge**: The decision to ""Seal"" dangerous truths to prevent a second Sundering.","3. History, Lore, & Mythology\WLF-LORE-012_AgeOfTheWhiteFlame_v1.0.md"
WLF-LORE-013_DawnAge_v1.0,"3. History, Lore, & Mythology",Axiomatic Spine,ACTIVE,v1.0,,,"> [!NOTE] > This document defines the Dawn Age, the mythological origin of the ""Where Light Fades"" universe. The Dawn Age is the era of the **Primordial Schism**, a cosmic battle between the forces of absolute Light and absolute Nyx. The ""Shattered Lands"" are believed to be the cooling embers of this confrontation. - **The First Resonance**: The moment consciousness emerged from the clash. - **The Shards of Origin**: Theoretical cosmic seeds that the Eldorians later refined into Heartstones.","3. History, Lore, & Mythology\WLF-LORE-013_DawnAge_v1.0.md"
WLF-LORE-014_TheGreatSundering_v1.0,"3. History, Lore, & Mythology",Axiomatic Spine,ACTIVE,v1.0,,,"> [!CAUTION] > **Hephaestus Engine ID**: `LORE-ERA-003` > **Causal Role**: The Great Cataclysm / The Fracturing > **Resonance Check**: v11.0 (Harmonized) > **""The earth did not just break; it screamed. And the silence that followed was worse than the sound.""**","3. History, Lore, & Mythology\WLF-LORE-014_TheGreatSundering_v1.0.md"
WLF-LORE-015_EldrinsFall_v1.0,"3. History, Lore, & Mythology",Axiomatic Spine,ACTIVE,v1.0,,,"> [!IMPORTANT] > **Hephaestus Engine ID**: `LORE-EVENT-004` > **Narrative Role**: The Inciting Incident / The Original Sin > **Resonance Check**: v11.0 (Harmonized) In the wake of the **Great Sundering**, the Order fought a losing war against **Nyx**.","3. History, Lore, & Mythology\WLF-LORE-015_EldrinsFall_v1.0.md"
WLF-LORE-016_TheSacrifice_v1.0,"3. History, Lore, & Mythology",Axiomatic Spine,ACTIVE,v1.0,,,"> [!CAUTION] > **Narrative Spoiler**: This document details the central moral fulcrum of the Act III climax. The ""Sacrifice"" is the central moral fulcrum of Act III. It is the seemingly inevitable conclusion derived from the **Order's Misinterpretation** of the Prophecy (Path A: Doom). It represents a desperate attempt to ""bind the shadow anew"" through stasis and imprisonment rather than transformation. The trio uncovers the full truth of the **Hamlet Calamity**: Eldrin was not ""executed"" for heresy, but was the lead Paladin in a **Sanctioned Containment Ritual**. This was a calculated gamble by the High Council to bind the Shadow Self into *Oathbringer* because they lacked the power to destroy it. Eldrin became the ""Living Seal,"" trapped eternally to anchor the entity. The logic is brutal","3. History, Lore, & Mythology\WLF-LORE-016_TheSacrifice_v1.0.md"
WLF-LORE-017_TheProphecy_v1.0,"3. History, Lore, & Mythology",Axiomatic Spine,ACTIVE,v1.0,,,"> [!IMPORTANT] > The Prophecy is a dual-meaning text. Its power lies in its profound ambiguity, driving characters toward tragic conclusions through misinterpretation. ""A warrior wielding a blade both blessed and cursed... the **Sundered Paladin**... who will face a critical choice: to bind the shadow anew or unleash the eternal night. The **Shadow's Shard** seeks to break free from its prison... and the vessel must be broken by grief to ensure the embrace."" ""...When the Heart sleeps... the **Shepherd**... calls the flock to... the **flame devoured**... To silence the echoes... the **shadow must be... embraced...** or... **chained anew** by one who carries both light and..."" ""...**Kaelen of the First Dawn**, once a beacon of light, now a vessel of shadow. His heart, once pure, now echoes w","3. History, Lore, & Mythology\WLF-LORE-017_TheProphecy_v1.0.md"
WLF-LORE-018_TheCoverUp_v1.0,"3. History, Lore, & Mythology",Axiomatic Spine,ACTIVE,v1.0,,,"> [!WARNING] > **Level 5 Clearance**: Unauthorized access to this log is punishable by exile. Following the implosion of the ""Sanctioned Gamble"" at Kaelen's Hamlet, the Order of the White Flame faced an existential crisis. Exposing the truth would reveal two terrifying facts: 1. They lacked the power to destroy the Shadow Self. 2. They were willing to sacrifice their own Paladins (and their families) in failed experiments.","3. History, Lore, & Mythology\WLF-LORE-018_TheCoverUp_v1.0.md"
WLF-LORE-019_ValeriusKaelenBond_v1.0,"3. History, Lore, & Mythology",Axiomatic Spine,ACTIVE,v1.0,,,"> [!NOTE] > This document details the specific psychological and historical landscape of the relationship between Valerius and Kaelen, emphasizing the themes of **Guilt**, **Trauma**, and **Calculated Redemption**. In the shadow of the Calamity at his family's hamlet, amidst the scorched earth and the lingering stench of chaotic magic, Valerius found Kaelen. The boy was a hollowed-out child, clutching the dark hilt of **Oathbringer**, his mind shattered by the horror of witnessing his parents’ annihilation at the hands of a corrupted Eldrin. For Valerius, the sight was a maelstrom of conflicting emotions: - **The Burden of Guilt**: A profound, gut-wrenching remorse for failing to stop Eldrin and for his own participation in the Order's sanctioned, high-risk research.","3. History, Lore, & Mythology\WLF-LORE-019_ValeriusKaelenBond_v1.0.md"
WLF-LORE-020_Nyx_v1.0,"3. History, Lore, & Mythology",Axiomatic Spine,ACTIVE,v1.0,,,"> [!IMPORTANT] > **Hephaestus Engine ID**: `LORE-NYX-001` > **Narrative Role**: The Primordial Chaos / The Unraveling > **Resonance Check**: v11.0 (Harmonized) **Nyx** is not a god, demon, or physically formed entity. It is **Entropy given a hungry consciousness**—the equal and opposite of the **White Flame**.","3. History, Lore, & Mythology\WLF-LORE-020_Nyx_v1.0.md"
WLF-LORE-021_LegendWhisperingBlade_v1.0,"3. History, Lore, & Mythology",Axiomatic Spine,ACTIVE,v1.0,,,"> [!NOTE] > **Hephaestus Engine ID**: `LORE-LEGEND-001` > **Narrative Role**: The Folk Lore / The Psychological Weight > **Resonance Check**: v11.0 (Harmonized) The **Whispering Blade** is a piece of campfire-lore and initiates' nightmare. It speaks of a weapon that does not just cut the body, but ""feeds on the secrets of the wielder.""","3. History, Lore, & Mythology\WLF-LORE-021_LegendWhisperingBlade_v1.0.md"
Cult of Nyx,"4. Society, Cultures, & Factions",Axiomatic Spine,ACTIVE,v1.0,,,"- | :---- | [[Nyx]]`, `[[Valerius]]`, `[[Rituals_Cult of Nyx]]`, `[[Language_Cult of Nyx]] Synergistic Artifact ID, Relationship Type, Synergistic Impact CORE-CODEX-001, GOVERNS, The Codex provides the Supreme Law for this artifact. GVRN.Registry.Master, INDEXES, This artifact is indexed in the Master Registry.","4. Society, Cultures, & Factions\Cult of Nyx.md"
Hierarchy_Order of the White Flame,"4. Society, Cultures, & Factions",Axiomatic Spine,ACTIVE,v1.0,,,"- | :---- | Elders (Lyra, Borin), Master-at-Arms (Caius), Paladins, Initiates. [[Lyra]]`, `[[Borin]]`, `[[Brother Caius]]`, `[[Kaelen]]`, `[[Serafina]]`, `[[Garrett]] Synergistic Artifact ID, Relationship Type, Synergistic Impact CORE-CODEX-001, GOVERNS, The Codex provides the Supreme Law for this artifact.","4. Society, Cultures, & Factions\Hierarchy_Order of the White Flame.md"
Language_Cult of Nyx,"4. Society, Cultures, & Factions",Axiomatic Spine,ACTIVE,v1.0,,,"- | :---- | Synergistic Artifact ID, Relationship Type, Synergistic Impact CORE-CODEX-001, GOVERNS, The Codex provides the Supreme Law for this artifact. GVRN.Registry.Master, INDEXES, This artifact is indexed in the Master Registry.","4. Society, Cultures, & Factions\Language_Cult of Nyx.md"
Order of the White Flame (Secrets),"4. Society, Cultures, & Factions",Axiomatic Spine,ACTIVE,v1.0,,,"- | :---- | Missing Hand of Purity, internal divisions, cover-ups. [[Order of the White Flame]]`, `[[Hand of Purity]]`, `[[Valerius]]`, `[[The Cover-Up]]`, `[[Eldrin's Fall]] Synergistic Artifact ID, Relationship Type, Synergistic Impact","4. Society, Cultures, & Factions\Order of the White Flame (Secrets).md"
Order of the White Flame,"4. Society, Cultures, & Factions",Axiomatic Spine,ACTIVE,v1.0,,,"- | :---- | Overview, beliefs, history, public goals. [[White Flame]]`, `[[Fortress of Light]]`, `[[Paladin Code]]`, `[[Hierarchy_Order of the White Flame]]`, `[[Rituals_Order of the White Flame]]`, `[[Order of the White Flame (Secrets)]] Synergistic Artifact ID, Relationship Type, Synergistic Impact","4. Society, Cultures, & Factions\Order of the White Flame.md"
Paladin Code,"4. Society, Cultures, & Factions",Axiomatic Spine,ACTIVE,v1.0,,,"- | :---- | Synergistic Artifact ID, Relationship Type, Synergistic Impact CORE-CODEX-001, GOVERNS, The Codex provides the Supreme Law for this artifact. GVRN.Registry.Master, INDEXES, This artifact is indexed in the Master Registry.","4. Society, Cultures, & Factions\Paladin Code.md"
WLF-SOCO-INDEX,"4. Society, Cultures, & Factions",[CANON] Order of the White Flame,ACTIVE,v15.0 [OMEGA],PART_OF: WLF-ROOT-001,index; society-culture; nexus,- **[WLF-FACT-001 Order Overview](./WLF-FACT-001_OrderOfTheWhiteFlame_v1.0.md)**: The dominant institution. - **[WLF-FACT-003 Order Hierarchy](./WLF-FACT-003_OrderHierarchy_v1.0.md)**: Ranks and roles. - **[WLF-FACT-004 Paladin Code](./WLF-FACT-004_PaladinCode_v1.0.md)**: Ethical constraints. - **[WLF-FACT-006 Order Secrets](./WLF-FACT-006_OrderSecrets_v1.0.md)**: The internal rot. - **[WLF-FACT-002 Cult Overview](./WLF-FACT-002_CultOfNyx_v1.0.md)**: The adversarial faction.,"4. Society, Cultures, & Factions\README.md"
Rituals_Cult of Nyx,"4. Society, Cultures, & Factions",Axiomatic Spine,ACTIVE,v1.0,,,"- | :---- | Blood rituals, chanting, summoning. [[Cult of Nyx]]`, `[[Nyx]]`, `[[Magic_Dark]] Synergistic Artifact ID, Relationship Type, Synergistic Impact CORE-CODEX-001, GOVERNS, The Codex provides the Supreme Law for this artifact.","4. Society, Cultures, & Factions\Rituals_Cult of Nyx.md"
Rituals_Order of the White Flame,"4. Society, Cultures, & Factions",Axiomatic Spine,ACTIVE,v1.0,,,"- | :---- | [[Order of the White Flame]]`, `[[White Flame]] Synergistic Artifact ID, Relationship Type, Synergistic Impact CORE-CODEX-001, GOVERNS, The Codex provides the Supreme Law for this artifact. GVRN.Registry.Master, INDEXES, This artifact is indexed in the Master Registry.","4. Society, Cultures, & Factions\Rituals_Order of the White Flame.md"
WLF-FACT-001_OrderOfTheWhiteFlame_v1.0,"4. Society, Cultures, & Factions",Axiomatic Spine,ACTIVE,v1.0,,,"> [!NOTE] > **Hephaestus Engine ID**: `FACT-ORDER-001` > **Narrative Role**: The Institutional Anchor / The Facade of Order > **Resonance Check**: v11.0 (Harmonized) The **Order of the White Flame** is the primary religious and military organization in the Shattered Lands. Founded during the Age of the White Flame, its original mission was to protect the Heartstone network and safeguard Eldorian knowledge.","4. Society, Cultures, & Factions\WLF-FACT-001_OrderOfTheWhiteFlame_v1.0.md"
WLF-FACT-002_CultOfNyx_v1.0,"4. Society, Cultures, & Factions",Axiomatic Spine,ACTIVE,v1.0,,,"> [!NOTE] > **Hephaestus Engine ID**: `FACT-CULT-001` > **Narrative Role**: The Corruptive Antagonist / The Truth of the Shadow > **Resonance Check**: v11.0 (Harmonized) The **Cult of Nyx** is a decentralized shadow organization dedicated to the acceleration of the Shattering. They believe that the Order's attempt to ""light"" the world is a futile act of preservation that delays the inevitable and necessary unmaking of reality.","4. Society, Cultures, & Factions\WLF-FACT-002_CultOfNyx_v1.0.md"
WLF-FACT-003_OrderHierarchy_v1.0,"4. Society, Cultures, & Factions",Axiomatic Spine,ACTIVE,v1.0,,,"> [!NOTE] > **Hephaestus Engine ID**: `FACT-ORDER-002` > **Narrative Role**: Structural Authority / Institutional Weight > **Resonance Check**: v11.0 (Harmonized) The Order follows a rigid, vertical structure designed to control information flow and maintain absolute discipline among the ranks.","4. Society, Cultures, & Factions\WLF-FACT-003_OrderHierarchy_v1.0.md"
WLF-FACT-004_PaladinCode_v1.0,"4. Society, Cultures, & Factions",Axiomatic Spine,ACTIVE,v1.0,,,"> [!NOTE] > **Hephaestus Engine ID**: `FACT-ORDER-003` > **Narrative Role**: The Moral Compass / The Source of Guilt > **Resonance Check**: v11.0 (Harmonized) ""Let the White Flame be your judge, the Heartstone your anchor, and your oath your shield.""","4. Society, Cultures, & Factions\WLF-FACT-004_PaladinCode_v1.0.md"
WLF-FACT-005_OrderRituals_v1.0,"4. Society, Cultures, & Factions",Axiomatic Spine,ACTIVE,v1.0,,,"The Order uses rituals to stabilize Heartstones and reinforce the ""Light Mode"" discipline of its Paladins. - A daily ceremony where Paladins focus their collective intent on the central Heartstone of a stronghold. - **Narrative Impact**: Failure of this ritual creates immediate tension and reveals the ""Reality Rot."" - The formal induction of Initiates into the Paladin ranks. - Includes a symbolic ""purging"" of past doubts.","4. Society, Cultures, & Factions\WLF-FACT-005_OrderRituals_v1.0.md"
WLF-FACT-006_OrderSecrets_v1.0,"4. Society, Cultures, & Factions",Axiomatic Spine,ACTIVE,v1.0,,,"> [!CAUTION] > **RESTRICTED INFORMATION**: This document catalogs truths known only to the Council of Elders and certain high-level antagonists. - The original artifact has been gone for decades. The Order uses an ""Imitation"" that requires frequent blood-fueling to maintain its glow. - The Elders are not just ""dogmatic"" but actively working with Eldorian techniques that border on Nyx-resonance to maintain their power. - The truth about the first architect's corruption is hidden; it is taught as a story of ""sacrifice"" rather than ""betrayal.""","4. Society, Cultures, & Factions\WLF-FACT-006_OrderSecrets_v1.0.md"
WLF-FACT-007_NyxRituals_v1.0,"4. Society, Cultures, & Factions",Axiomatic Spine,ACTIVE,v1.0,,,"The Cult uses rituals to weaken the fabric of reality and summon entities from the Nyx. - Using blood-soaked shards to disrupt a local Heartstone's frequency. - **Manifestation**: Creates localized ""Reality Rot"" and whispers from the void. - A ritual focused on inviting one's internal darkness to take physical form. - **Result**: Transformation into a ""Dark Mode"" entity or a corrupted abomination.","4. Society, Cultures, & Factions\WLF-FACT-007_NyxRituals_v1.0.md"
WLF-FACT-008_NyxLanguage_v1.0,"4. Society, Cultures, & Factions",Axiomatic Spine,ACTIVE,v1.0,,,"The language of Nyx is not spoken with sound, but perceived through ""Mental Resonance"" and ""Auditory Hallucinations."" It is the tongue of the Shadow Self. - **""The Void is Home.""**: Common belief in returning to non-existence. - **""Shatter/Unmake.""**: Central verbs describing their sacred work. - Hearing it causes physical nausea, temporal distortion, and a rapid increase in the [Dissonance Meter](file:///1.%20Core%20Concepts%20&%20Themes/WLF-GDD-001_TheShatteredMind_v1.0.md). ⚡ **OPERATIONALIZE**","4. Society, Cultures, & Factions\WLF-FACT-008_NyxLanguage_v1.0.md"
WLF-MAGI-INDEX,5. Magic and Power Systems,[CANON] Systems of Power,ACTIVE,v15.0 [OMEGA],PART_OF: WLF-ROOT-001,index; magic-systems; nexus,- **[WLF-MAGI-001 Magic Overview](./WLF-MAGI-001_MagicOverview_v1.0.md)**: The energetic baseline. - **[WLF-MAGI-002 Heartstones](./WLF-MAGI-002_Heartstones_v1.0.md)**: The geological nexus units. - **[WLF-MAGI-003 White Flame](./WLF-MAGI-003_WhiteFlame_v1.0.md)**: The institutional energy. - **[WLF-MAGI-004 Inner Flame](./WLF-MAGI-004_InnerFlame_v1.0.md)**: The personal resonance. - **[WLF-MAGI-009 Partial Dark Mode](./WLF-MAGI-009_PartialDarkMode_v1.0.md)**: The corrupted transcendence.,5. Magic and Power Systems\README.md
WLF-MAGI-001_MagicOverview_v1.0,5. Magic and Power Systems,Axiomatic Spine,ACTIVE,v1.0,,,"> [!IMPORTANT] > **Narrative North Star**: Magic in this world is not a force to be simply learned; it is a spiritual discipline channeled through the soul. All magic stems from the duality of the **Inner Flame** and the two cosmic forces: **The White Flame** and **Nyx**. -   **Nature**: The unique spark of identity, willpower, and goodness within every individual. It is the engine that drives all magic. -   **Function**: A strong Inner Flame acts as a clean conduit for the White Flame. A weakened or despairing flame leads to failure or opens the door to **Nyx**. -   **Dual Connection**: It is the source of Kaelen's strength but also his vulnerability to the Shadow Self.",5. Magic and Power Systems\WLF-MAGI-001_MagicOverview_v1.0.md
WLF-MAGI-002_Heartstones_v1.0,5. Magic and Power Systems,Axiomatic Spine,ACTIVE,v1.0,,,"**Heartstones** are ancient, immovable Eldorian artifacts that serve as conduits for the **White Flame**, regulating the flow of magical energy into the physical world. -   **The Stabilizers**: They maintain the natural laws (gravity, time, biological integrity) within their radius. -   **The Amplifiers**: A skilled user can draw upon a Heartstone to bolster their **Light Magic**, though this practice is now dangerous due to destabilization. -   **The Network**: They form a ley-line grid across the Shattered Lands. The collapse of one stone puts strain on the others. Following the **Great Sundering**, the network was fractured. Heartstones now exist in various states of decay, directly affecting the local environment.",5. Magic and Power Systems\WLF-MAGI-002_Heartstones_v1.0.md
WLF-MAGI-003_WhiteFlame_v1.0,5. Magic and Power Systems,Axiomatic Spine,ACTIVE,v1.0,,,"The **White Flame** is the primordial, objective source of creation, order, and life. It is the ""Sun"" to the ""Spark"" of the Inner Flame. -   **Nature**: Infinite, omnipresent, and purely benevolent. It does not have a ""will"" in the human sense, but a direction: **Preservation**. -   **Access**: Unlike wild magic, the White Flame cannot be grasped by raw power. It must be *invited* through a stable **Inner Flame**. -   **Conduits**: Paladins act as living lenses involved in focusing the White Flame into the physical world. -   **Amplifiers**: **Heartstones** ([WLF-MAGI-002](file:///c:/Users/Chris/Synarche_Workspace/where-light-fades/5.%20Magic%20and%20Power%20Systems/WLF-MAGI-002_Heartstones_v1.0.md)) serve as planetary anchors that distribute this energy to keep reality stable.",5. Magic and Power Systems\WLF-MAGI-003_WhiteFlame_v1.0.md
WLF-MAGI-004_InnerFlame_v1.0,5. Magic and Power Systems,Axiomatic Spine,ACTIVE,v1.0,,,"The **Inner Flame** represents an individual’s internal strength, resilience, and willpower. It is the ""Spark"" that allows a character to bridge the gap between their physical self and the external White Flame. -   **Function**: Magic cannot be wielded directly; it must flow through the soul. The Inner Flame determines the *quality* and *volume* of this flow. -   **Stability**: -   **Stable**: A clear mind and strong conviction allow the White Flame to pass through without resistance (Light Magic). -   **Flickering**: Fear, doubt, or exhaustion narrows the conduit, weakening magic.",5. Magic and Power Systems\WLF-MAGI-004_InnerFlame_v1.0.md
WLF-MAGI-005_LightMagic_v1.0,5. Magic and Power Systems,Axiomatic Spine,ACTIVE,v1.0,,,"Light Magic is not merely ""holy energy""; it is the controlled manifestation of the **White Flame**, channeled through a Paladin's rigid discipline and emotional stability. -   **Positive Resonance**: Hope, Courage, and Compassion widen the conduit, allowing for potent effects. -   **Negative Interference**: Fear or Rage constricts the conduit (fizzles spells) or corrupts it (invites Nyx). These practices anchor the Paladin's soul against the corruption of the world. -   **The Rite of Illumination**: The initiation ceremony where the Inner Flame is formally ""awoken"" using sacred oils and the central Chapel flame.",5. Magic and Power Systems\WLF-MAGI-005_LightMagic_v1.0.md
WLF-MAGI-006_HealingMagic_v1.0,5. Magic and Power Systems,Axiomatic Spine,ACTIVE,v1.0,,,"Healing Magic is a specialized discipline of Light Magic known as the **Empathetic Flame**. It focuses on biological and spiritual restoration, but at a personal cost. -   **Mechanism**: True healing requires the user to partially ""take on"" the burden of the wound. The healer feels a shadow of the pain they remove. -   **Techniques**: -   **Restoration Touch**: Channels White Flame to knit flesh and accelerate cellular regeneration. -   **Purifying Light**: Burns away minor traces of Nyx corruption, preventing the ""Stain"" from taking root.",5. Magic and Power Systems\WLF-MAGI-006_HealingMagic_v1.0.md
WLF-MAGI-007_DarkMagic_v1.0,5. Magic and Power Systems,Axiomatic Spine,ACTIVE,v1.0,,,"Dark Magic is not channeled; it is **leaked**. It is the primordial chaos of **Nyx** finding purchase in the cracks of a crumbling Inner Flame. -   **The Leak**: Negative emotions (Fear, Rage, Despair) fracture a person's spiritual shielding, allowing Nyx to seep in. -   **The Cost**: It is inherently parasitic. It empowers the user by consuming their vitality and soul, feeding the **Shadow Self**. The **Cult of Nyx** uses rituals to forcibly widen the cracks in reality and the soul. -   **Blood Rituals**: Sacrificing vitality (Minor: Self / Major: Human) to draw raw power from Nyx. Used to create **Ashen Abominations**.",5. Magic and Power Systems\WLF-MAGI-007_DarkMagic_v1.0.md
WLF-MAGI-008_CorruptedMagic_v1.0,5. Magic and Power Systems,Axiomatic Spine,ACTIVE,v1.0,,,"**Corrupted Magic** (or ""The Static"") is not a discipline but a chaotic environmental condition. It is the result of reality fraying around a destabilized **Heartstone**. -   **Cause**: When a Heartstone cracks or dims, it fails to filter the White Flame correctly, causing magical energy to ""stagnate"" and mix with leaking Nyx. -   **Visuals**: Jagged lines of purple/black ""static,"" unnatural geometry, and a sickly green ambient light. The air tastes like copper and ash. -   **Null Zones**: Areas where the White Flame cannot reach. Attempting Light Magic here is difficult or dangerous. -   **Wild Surges**: Spells may backfire, detonate, or twist into something horrific (e.g., a healing spell accelerating a tumor).",5. Magic and Power Systems\WLF-MAGI-008_CorruptedMagic_v1.0.md
WLF-MAGI-009_PartialDarkMode_v1.0,5. Magic and Power Systems,Axiomatic Spine,ACTIVE,v1.0,,,"**Partial Dark Mode** is a specific combat state unique to **Kaelen**. It represents a temporary, desperate alliance with the **Shadow Self** to survive an otherwise impossible threat. -   **Trigger**: Conscious surrender to ""The Doubt"" or rage in a moment of extreme trauma (e.g., The Oakhaven Climax). -   **The Deal**: Kaelen retains his immediate objective (e.g., ""Save her"") but surrenders his *method* and *restraint* to Nyx. -   **Visuals**: -   **Eyes**: Blaze with a sickly crimson light.",5. Magic and Power Systems\WLF-MAGI-009_PartialDarkMode_v1.0.md
WLF-CHAR-INDEX,6. Characters,[CANON] Primary Protagonists,ACTIVE,v15.0 [OMEGA],PART_OF: WLF-ROOT-001,index; characters; nexus,- **[WLF-CHAR-001 Kaelen](./WLF-CHAR-001_Kaelen_v1.0.md)**: The Sundered Paladin. - **[WLF-CHAR-002 Garrett](./WLF-CHAR-002_Garrett_v1.0.md)**: The Pragmatic Sentinel. - **[WLF-CHAR-003 Serafina](./WLF-CHAR-003_Serafina_v1.0.md)**: The Truth-Seer Lorekeeper. - **[WLF-CHAR-004 Valerius](./WLF-CHAR-004_Valerius_v1.0.md)**: The Grand Master (Nexus). - **[WLF-CHAR-005 Brother Caius](./WLF-CHAR-005_Brother_Caius_v1.0.md)**: The Silent Conscience.,6. Characters\README.md
WLF-CHAR-001_Kaelen_v1.0,6. Characters,Axiomatic Spine,ACTIVE,v1.0,,,"> [!IMPORTANT] > **Hephaestus Engine ID**: `CHAR-KAELEN-001` > **Causal Role**: The Protagonist / The Vessel / The Anomaly > **Resonance Check**: v13.1 (Harmonized) > **""I am the shield that cracks, so others may remain whole.""**",6. Characters\WLF-CHAR-001_Kaelen_v1.0.md
WLF-CHAR-002_Garrett_v1.0,6. Characters,Axiomatic Spine,ACTIVE,v1.0,,,"> [!IMPORTANT] > **Hephaestus Engine ID**: `CHAR-GARRETT-001` > **Causal Role**: Deuteragonist / The Reality Anchor > **Resonance Check**: v11.0 (Harmonized) > **""Faith is fine, Sera. But steel doesn't hesitate.""**",6. Characters\WLF-CHAR-002_Garrett_v1.0.md
WLF-CHAR-003_Serafina_v1.0,6. Characters,Axiomatic Spine,ACTIVE,v1.0,,,"> [!IMPORTANT] > **Hephaestus Engine ID**: `CHAR-SERAFINA-001` > **Causal Role**: The Spiritual Anchor / The Last Lorekeeper > **Resonance Check**: v11.0 (Harmonized) > **""He calls it darkness. I call it a wound. And wounds can be healed.""**",6. Characters\WLF-CHAR-003_Serafina_v1.0.md
WLF-CHAR-004_Valerius_v1.0,6. Characters,Axiomatic Spine,ACTIVE,v1.0,,,"> [!IMPORTANT] > **Hephaestus Engine ID**: `CHAR-VALERIUS-001` > **Causal Role**: The Antagonist / The False Mentor > **Resonance Check**: v11.0 (Harmonized) > **""I do not seek to burn the world, Kaelen. I seek to hold the torch so that no one else burns.""**",6. Characters\WLF-CHAR-004_Valerius_v1.0.md
WLF-CHAR-005_Brother_Caius_v1.0,6. Characters,Axiomatic Spine,ACTIVE,v1.0,,,"> [!IMPORTANT] > **Hephaestus Engine ID**: `CHAR-CAIUS-001` > **Causal Role**: The Secret Mentor / The Archivist > **Resonance Check**: v11.0 (Harmonized) > ""History is a wheel, ground down by the weight of the same mistakes. My duty is not to stop the wheel, but to ensure you do not fall beneath it.""",6. Characters\WLF-CHAR-005_Brother_Caius_v1.0.md
WLF-CHAR-006_Eldrin_v1.0,6. Characters,Axiomatic Spine,ACTIVE,v1.0,,,"> [!IMPORTANT] > **Hephaestus Engine ID**: `CHAR-ELDRIN-001` > **Causal Role**: The Prisoner / The Tragic Warning > **Resonance Check**: v11.0 (Harmonized) > **""I sought to hold the ocean in a teacup. Do not pity me. Learn from the shards.""**",6. Characters\WLF-CHAR-006_Eldrin_v1.0.md
WLF-CHAR-007_Shadow_Self_v1.0,6. Characters,Axiomatic Spine,ACTIVE,v1.0,,,"> [!IMPORTANT] > **Hephaestus Engine ID**: `CHAR-SHADOW-001` > **Causal Role**: The Antagonist (Internal) / The Corrupting Parasite > **Resonance Check**: v11.0 (Harmonized) > **""I am the truth you bury. I am the scream you swallow. I am every 'no' you never dared to say.""**",6. Characters\WLF-CHAR-007_Shadow_Self_v1.0.md
WLF-CHAR-008_Oathbringer_v1.0,6. Characters,Axiomatic Spine,ACTIVE,v1.0,,,"> [!IMPORTANT] > **Hephaestus Engine ID**: `CHAR-OATHBRINGER-001` > **Causal Role**: The Sentient Artifact / The Living Boundary > **Resonance Check**: v11.0 (Harmonized) > ""I am the oath that was broken. I am the blade that remains. I do not just cut flesh; I cut the very thread of fate.""",6. Characters\WLF-CHAR-008_Oathbringer_v1.0.md
WLF-CHAR-009_Borin_v1.0,6. Characters,Axiomatic Spine,ACTIVE,v1.0,,,"> [!IMPORTANT] > **Hephaestus Engine ID**: `CHAR-BORIN-001` > **Causal Role**: The Reluctant Realist / The Moral Anchor > **Resonance Check**: v11.0 (Harmonized) Elder Borin stands as a contrast to the austere and often grim atmosphere of the Fortress of Light. Known for his portly frame and usually jovial demeanor, he represents the ""Hearth"" of the Order—the protective, communal aspect of the Light. However, the current crisis has stripped away his mirth, revealing the steel rigidity of a veteran commander beneath the grandfatherly façade.",6. Characters\WLF-CHAR-009_Borin_v1.0.md
WLF-CHAR-010_Elara_v1.0,6. Characters,Axiomatic Spine,ACTIVE,v1.0,,,"> [!IMPORTANT] > **Hephaestus Engine ID**: `CHAR-ELARA-001` > **Causal Role**: The Rescued Innocent / The Living Reminder > **Resonance Check**: v11.0 (Harmonized) > **""You saved me, Kaelen. But why does everyone look so sad?""**",6. Characters\WLF-CHAR-010_Elara_v1.0.md
WLF-CHAR-011_Lyra_v1.0,6. Characters,Axiomatic Spine,ACTIVE,v1.0,,,"> [!IMPORTANT] > **Hephaestus Engine ID**: `CHAR-LYRA-001` > **Causal Role**: The Adjudicator / The Rigid Skeptic > **Resonance Check**: v11.0 (Harmonized) Elder Lyra represents the intellectual and legalistic pillar of the Order. Where Borin is the heart and Valerius is the vision, Lyra is the ""Spine""—the unbending structure of rules, rites, and protocols that holds the organization together. She believes that chaos is the ultimate enemy and that strict adherence to the code is the only shield against the Shadow.",6. Characters\WLF-CHAR-011_Lyra_v1.0.md
WLF-CHAR-012_Lyra_v1.0,6. Characters,Axiomatic Spine,ACTIVE,v1.0,,,> [!IMPORTANT] > **Hephaestus Engine ID**: `CHAR-LYRA-001` > **Causal Role**: The Strict Disciplinarian / Institutional Voice > **Resonance Check**: v11.0 (Harmonized) - **Role**: Primary Council Elder / Tactical Overseer.,6. Characters\WLF-CHAR-012_Lyra_v1.0.md
WLF-CHAR-013_Theron_v1.0,6. Characters,Axiomatic Spine,ACTIVE,v1.0,,,> [!IMPORTANT] > **Hephaestus Engine ID**: `CHAR-THERON-001` > **Causal Role**: The Lore-Giver / The Burden of Prophecy > **Resonance Check**: v11.0 (Harmonized) - **Role**: Oakhaven Village Elder / History Keeper.,6. Characters\WLF-CHAR-013_Theron_v1.0.md
WLF-CHAR-014_Roric_v1.0,6. Characters,Axiomatic Spine,ACTIVE,v1.0,,,> [!IMPORTANT] > **Hephaestus Engine ID**: `CHAR-RORIC-001` > **Causal Role**: The Harbinger / The Vulnerable Witness > **Resonance Check**: v11.0 (Harmonized) - **Role**: Initiate / Messenger for the High Elders.,6. Characters\WLF-CHAR-014_Roric_v1.0.md
Creature_Ash Walkers,7. Bestiary & Races,Axiomatic Spine,ACTIVE,v1.0,,,"- | :---- | Description, origin (Inner Flame extinguished), symbolism. [[Inner Flame]]`, `[[Theme_Loss and Grief]]`, `[[Theme_Corruption]] Synergistic Artifact ID, Relationship Type, Synergistic Impact CORE-CODEX-001, GOVERNS, The Codex provides the Supreme Law for this artifact.",7. Bestiary & Races\Creature_Ash Walkers.md
Creature_Ashen Abominations,7. Bestiary & Races,Axiomatic Spine,ACTIVE,v1.0,,,"- | :---- | Description, abilities, weaknesses, origin [[Shadow Self]]`, `[[Magic_Corrupted]]` Synergistic Artifact ID, Relationship Type, Synergistic Impact CORE-CODEX-001, GOVERNS, The Codex provides the Supreme Law for this artifact.",7. Bestiary & Races\Creature_Ashen Abominations.md
Creature_Ghouls,7. Bestiary & Races,Axiomatic Spine,ACTIVE,v1.0,,,"Description, abilities, weaknesses, origin (Shadow Self corruption). [[Shadow Self]]`, `[[Fauna_Corrupted]] Synergistic Artifact ID, Relationship Type, Synergistic Impact CORE-CODEX-001, GOVERNS, The Codex provides the Supreme Law for this artifact. GVRN.Registry.Master, INDEXES, This artifact is indexed in the Master Registry.",7. Bestiary & Races\Creature_Ghouls.md
Creature_Whispering Winds,7. Bestiary & Races,Axiomatic Spine,ACTIVE,v1.0,,,"- | :---- | Nature, manifestation of Shadow Self's essence [[Shadow Self]] Synergistic Artifact ID, Relationship Type, Synergistic Impact CORE-CODEX-001, GOVERNS, The Codex provides the Supreme Law for this artifact.",7. Bestiary & Races\Creature_Whispering Winds.md
Humans,7. Bestiary & Races,Axiomatic Spine,ACTIVE,v1.0,,,"- | :---- | Synergistic Artifact ID, Relationship Type, Synergistic Impact CORE-CODEX-001, GOVERNS, The Codex provides the Supreme Law for this artifact. GVRN.Registry.Master, INDEXES, This artifact is indexed in the Master Registry.",7. Bestiary & Races\Humans.md
Races_Overview,7. Bestiary & Races,Axiomatic Spine,ACTIVE,v1.0,,,"- | :---- | List of sentient races (Humans, any others) [[Humans]] Synergistic Artifact ID, Relationship Type, Synergistic Impact CORE-CODEX-001, GOVERNS, The Codex provides the Supreme Law for this artifact.",7. Bestiary & Races\Races_Overview.md
WLF-BEAS-INDEX,7. Bestiary & Races,[CANON] Denizens & Threats,ACTIVE,v15.0 [OMEGA],PART_OF: WLF-ROOT-001,index; bestiary-races; nexus,- **[WLF-BEST-001 Overview](./WLF-BEST-001_BestiaryOverview_v1.0.md)**: Categorization of the blighted. - **[WLF-BEST-003 Ash Walkers](./WLF-BEST-003_AshWalkers_v1.0.md)**: The spectral vanguard. - **[WLF-BEST-004 Ashen Abominations](./WLF-BEST-004_AshenAbominations_v1.0.md)**: Corrupted heavy units. - **[WLF-BEST-005 Ghouls](./WLF-BEST-005_Ghouls_v1.0.md)**: The scavengers of light. - **[WLF-BEST-006 Whispering Winds](./WLF-BEST-006_WhisperingWinds_v1.0.md)**: Psychic/environmental hazards.,7. Bestiary & Races\README.md
Whispering Winds,7. Bestiary & Races,Axiomatic Spine,ACTIVE,v1.0,,,"- | :---- | [[Shadow Self]] Synergistic Artifact ID, Relationship Type, Synergistic Impact CORE-CODEX-001, GOVERNS, The Codex provides the Supreme Law for this artifact. GVRN.Registry.Master, INDEXES, This artifact is indexed in the Master Registry.",7. Bestiary & Races\Whispering Winds.md
WLF-BEST-001_BestiaryOverview_v1.0,7. Bestiary & Races,Axiomatic Spine,ACTIVE,v1.0,,,"The entities of the Shattered Lands are categorized based on their relationship with the **White Flame** and the **Nyx**. -   Entities possessing a stable ""Inner Flame"" and recognized societal structures. -   **Primary Race**: [Humans](file:///7.%20Bestiary%20&%20Races/WLF-BEST-002_Humans_v1.0.md). -   Former sentient beings whose Inner Flame has been snuffed out by despair or trauma, but who have not yet been fully subsumed by the Nyx. -   **Example**: [Ash Walkers](file:///7.%20Bestiary%20&%20Races/WLF-BEST-003_AshWalkers_v1.0.md).",7. Bestiary & Races\WLF-BEST-001_BestiaryOverview_v1.0.md
WLF-BEST-002_Humans_v1.0,7. Bestiary & Races,Axiomatic Spine,ACTIVE,v1.0,,,"Humans are the dominant sentient race of Eldoria. Their primary defining characteristic is the **[Inner Flame](file:///5.%20Magic%20and%20Power%20Systems/WLF-MAGI-004_InnerFlame_v1.0.md)**, a metabolic and spiritual spark that grants them agency and resistance to the Nyx. -   **The Lit (Order Loyalists)**: Those who live within the reach of stable Heartstones. They value discipline and preservation. -   **The Sundered (Wasteland Dwellers)**: Survivalists living in the fringes. More prone to ""The Doubt"" but often more resourceful. -   **The Hollow (Cultists)**: Those who have surrendered their Inner Flame to the Nyx. ⚡ **OPERATIONALIZE**",7. Bestiary & Races\WLF-BEST-002_Humans_v1.0.md
WLF-BEST-003_AshWalkers_v1.0,7. Bestiary & Races,Axiomatic Spine,ACTIVE,v1.0,,,"**Ash Walkers** are the tragic remnants of humans who have lost their Inner Flame but have not yet transformed into abominations. -   **Appearance**: Grey-skinned, emaciated, eyes clouded with fine grey ash. -   **Behavior**: Lethargic and mournful. They tend to congregate around ""Deaden Heartstones,"" reliving fragments of their past lives. -   **Symbolism**: They represent the **Theme of Loss and Grief**. They are not aggressive unless their ash is disturbed. The ""Extinguishing"" occurs when a human’s [Inner Flame](file:///5.%20Magic%20and%20Power%20Systems/WLF-MAGI-004_InnerFlame_v1.0.md) is snuffed out by absolute despair, often caused by the death of a ""Tether"" (a loved one or a purpose).",7. Bestiary & Races\WLF-BEST-003_AshWalkers_v1.0.md
WLF-BEST-004_AshenAbominations_v1.0,7. Bestiary & Races,Axiomatic Spine,ACTIVE,v1.0,,,"**Ashen Abominations** are local wildlife or humans fully consumed by [Corrupted Magic](file:///5.%20Magic%20and%20Power%20Systems/WLF-MAGI-008_CorruptedMagic_v1.0.md). -   **Appearance**: Grotesque fusion of organic matter and ""Reality Static."" Parts of their bodies may appear to be ""missing"" or flickering in and out of existence. -   **Abilities**: -   **Static Burst**: Emitting a wave of corrupted energy that disrupts magical focuses. -   **Phase Leap**: Relocating short distances through localized spatial tears.",7. Bestiary & Races\WLF-BEST-004_AshenAbominations_v1.0.md
WLF-BEST-005_Ghouls_v1.0,7. Bestiary & Races,Axiomatic Spine,ACTIVE,v1.0,,,"**Ghouls** are entities fully subsumed by the Nyx, serving as the physical shock-troops of the [Cult of Nyx](file:///4.%20Society,%20Cultures,%20&%20Factions/WLF-FACT-002_CultOfNyx_v1.0.md). -   **Appearance**: Shadowy, elongated humanoids with no facial features except for a vertical slit that emits a faint, greenish glow. -   **Abilities**: -   **Vitalic Siphon**: Draining the stamina and hope of targets through physical contact. -   **Shadow Meld**: Becoming invisible in low-light environments.",7. Bestiary & Races\WLF-BEST-005_Ghouls_v1.0.md
WLF-BEST-006_WhisperingWinds_v1.0,7. Bestiary & Races,Axiomatic Spine,ACTIVE,v1.0,,,"The **Whispering Winds** are not biological entities but localized ""Intelligent Resonances"" of the [Nyx](file:///3.%20History,%20Lore,%20&%20Mythology/Eras_Events/WLF-LORE-020_Nyx_v1.0.md). They are often perceived as the ""Breath of the Shadow Self."" -   Appears as a swirling mist of dark, oily residue (Nyx-Fog). -   Carries the ""Discordant Hum"" associated with the [Whispering Blade](file:///3.%20History,%20Lore,%20&%20Mythology/Legends_Prophecies/WLF-LORE-021_LegendWhisperingBlade_v1.0.md). -   Targets hearing the winds are force into a ""Dialogue with Trauma."" It speaks in the target's own voice (The Shadow Self), revealing their deepest doubts. -   Proximity increases the [Dissonance Meter](file:///1.%20Core%20Concepts%20&%20Themes/WLF-GDD-001_TheShatteredMind_v1.0.md) rapidly.",7. Bestiary & Races\WLF-BEST-006_WhisperingWinds_v1.0.md
WLF-BEST-007_AshenAbomination_v1.0,7. Bestiary & Races,Axiomatic Spine,ACTIVE,v1.0,,,"- **Physical Form**: A towering brute of fused ash, bone, and bark-like hide. It possesses multiple milky eyes that track movement with unsettling precision. - **Origins**: Created through the desecration of the Great Oak in Oakhaven, where regional Heartstone power was bound to a construct of necrotic biomass. - **Corrupted Aura**: Emits a passive field that saps the resolve of nearby living beings. - **Ashen Resilience**: Its wounds are visibly stitched closed by sickly green energy from the regional Heartstone/Symbol of Binding. Standard Paladin attacks are mostly ineffective. - **Brute Force**: Capable of pinning even the most skilled Paladins (like Kaelen) with raw physical power.",7. Bestiary & Races\WLF-BEST-007_AshenAbomination_v1.0.md
Elara_s Blue Stone Fragment,8. Artifacts Key Items,Axiomatic Spine,ACTIVE,v1.0,,,"- | :---- | Description, connection to Oakhaven Heartstone, prophetic significance. [[Elara]]`,`[[Kaelen]]`,`[[Oakhaven]]`,`[[Heartstone (Oakhaven)]]`,`[[Prophecy_Sundered Blade]] Synergistic Artifact ID, Relationship Type, Synergistic Impact CORE-CODEX-001, GOVERNS, The Codex provides the Supreme Law for this artifact.",8. Artifacts Key Items\Elara_s Blue Stone Fragment.md
Hand of Purity,8. Artifacts Key Items,Axiomatic Spine,ACTIVE,v1.0,,,"- | :---- | Description, significance, current status (missing). [[Order of the White Flame (Secrets)]]`, `[[Hallowed Chapel]]`, `[[Visual Guide to the Worldbuilding of 'Where Light Fades\""] (for image)` Synergistic Artifact ID, Relationship Type, Synergistic Impact",8. Artifacts Key Items\Hand of Purity.md
Heartstones,8. Artifacts Key Items,Axiomatic Spine,ACTIVE,v1.0,,,"- | :---- | Synergistic Artifact ID, Relationship Type, Synergistic Impact CORE-CODEX-001, GOVERNS, The Codex provides the Supreme Law for this artifact. GVRN.Registry.Master, INDEXES, This artifact is indexed in the Master Registry.",8. Artifacts Key Items\Heartstones.md
Oathbringer,8. Artifacts Key Items,Axiomatic Spine,ACTIVE,v1.0,,,"- | :---- | Description (Nightsteel, wolf pommel, dark stain), history, abilities (conduit for Shadow Self, prison for Eldrin), transformation (Light/Dark modes), connection to Kaelen. [[Kaelen]]`, `[[Eldrin]]`, `[[Shadow Self]]`, `[[Magic_Light]]`, `[[Magic_Dark]]`, `[[Eldrin's Fall]]` `[[Symbol_Whispering Blade]]`, `[[Visual Guide to the Worldbuilding of 'Where Light Fades\""]",8. Artifacts Key Items\Oathbringer.md
WLF-ARTI-INDEX,8. Artifacts Key Items,[CANON] Weapons & Relics,ACTIVE,v15.0 [OMEGA],PART_OF: WLF-ROOT-001,index; artifacts-items; nexus,- **[WLF-ITEM-002 Oathbringer](./WLF-ITEM-002_Oathbringer_v1.0.md)**: The sundered blade. - **[WLF-ITEM-003 Hand of Purity](./WLF-ITEM-003_HandOfPurity_v1.0.md)**: The lost legitimacy. - **[WLF-ITEM-007 Black Feather](./WLF-ITEM-007_BlackFeather_v1.0.md)**: The symbol of the watcher. - **[WLF-ITEM-010 Shadow's Mark](./WLF-ITEM-010_ShadowsMark_v1.0.md)**: The metaphysical scar. - **[WLF-ITEM-001 Heartstone Shard](./WLF-ITEM-001_HeartstoneTwinShard_v1.0.md)**: The connection to Oakhaven.,8. Artifacts Key Items\README.md
Serafina_s Locket,8. Artifacts Key Items,Axiomatic Spine,ACTIVE,v1.0,,,"- | :---- | Description, properties (protection), symbolism. [[Serafina]]`, `[[Theme_Hope]]` Synergistic Artifact ID, Relationship Type, Synergistic Impact CORE-CODEX-001, GOVERNS, The Codex provides the Supreme Law for this artifact.",8. Artifacts Key Items\Serafina_s Locket.md
Valerius_s Journal,8. Artifacts Key Items,Axiomatic Spine,ACTIVE,v1.0,,,"- | :---- | Purpose, potential contents (true intentions, twisted justifications). [[Valerius]]`, `[[Cult of Nyx]]` Synergistic Artifact ID, Relationship Type, Synergistic Impact CORE-CODEX-001, GOVERNS, The Codex provides the Supreme Law for this artifact.",8. Artifacts Key Items\Valerius_s Journal.md
WLF-ITEM-001_HeartstoneTwinShard_v1.0,8. Artifacts Key Items,Axiomatic Spine,ACTIVE,v1.0,,,"**Twin Shards** are portable fragments of a primary Heartstone. They maintain a quantum-entangled resonance with their parent stone, allowing for localized stabilization and energy channeling. -   Appears as a polished, blue-white crystalline fragment. -   Emits a constant, low-frequency hum (The Resonance). -   **Stabilize**: Can be used to briefly suppress a [Null Zone](file:///2.%20World%20&%20Setting/WLF-WRLD-003_NullZones_v1.0.md). -   **Unlock**: Serves as a key for Eldorian machinery and vaults.",8. Artifacts Key Items\WLF-ITEM-001_HeartstoneTwinShard_v1.0.md
WLF-ITEM-002_Oathbringer_v1.0,8. Artifacts Key Items,Axiomatic Spine,ACTIVE,v1.0,,,"**Oathbringer** is the primary weapon of [Kaelen](file:///6.%20Characters/WLF-CHAR-001_Kaelen_v1.0.md) and the physical vessel for the echo of [Eldrin](file:///6.%20Characters/WLF-CHAR-006_Eldrin_v1.0.md). -   **Material**: Forged from ""Nightsteel,"" a rare Eldorian alloy that absorbs ambient light. -   **Design**: A hand-and-a-half sword with a wolf-head pommel. -   **The Stain**: The blade is permanently etched with oily, green-black veins of Nyx-residue. -   **Resonance Channeling**: Can switch between channeling **White Flame (Light Stance)** and **Nyx (Shadow Stance)**.",8. Artifacts Key Items\WLF-ITEM-002_Oathbringer_v1.0.md
WLF-ITEM-003_HandOfPurity_v1.0,8. Artifacts Key Items,Axiomatic Spine,ACTIVE,v1.0,,,"A sacred relic of the Order, said to be the mummified hand of a First Paladin, capable of purging all corruption with a touch. The **Hand of Purity** is currently missing from the [Hallowed Chapel](file:///2.%20World%20&%20Setting/Locations/WLF-WRLD-012_HallowedChapel_v1.0.md). According to Brother Caius, its absence leaves the Order ""vulnerable"" and marks the ""highest peak of institutional failure."" The Elders (specifically Valerius) have attempted to conceal this loss, but the rising tide of Nyx makes the void it left impossible to ignore. While the real Hand is gone, Valerius has commissioned the [Hand of LightGauntlet](file:///1.%20Core%20Concepts%20&%20Themes/Conceptual%20Anchors/WLF-CAN-018_HandOfLight_v1.0.md) as a technological/magical replacement, a move Caius warns is driven by """,8. Artifacts Key Items\WLF-ITEM-003_HandOfPurity_v1.0.md
WLF-ITEM-004_BlueStoneFragment_v1.0,8. Artifacts Key Items,Axiomatic Spine,ACTIVE,v1.0,,,"The **Blue Stone Fragment** is a unique [Twin Shard](file:///8.%20Artifacts%20Key%20Items/WLF-ITEM-001_HeartstoneTwinShard_v1.0.md) carried by [Elara](file:///6.%20Characters/WLF-CHAR-010_Elara_v1.0.md). Unlike standard shards, it has a deeper, more iridescent hue. -   It is the only shard capable of jump-starting the [Oakhaven Heartstone](file:///2.%20World%20&%20Setting/Locations/WLF-WRLD-013_Oakhaven_v1.0.md) without the Order's alchemical catalyst. -   It serves as Kaelen's first definitive proof that the world *can* be restored, not just preserved. ⚡ **OPERATIONALIZE** Synergistic Artifact ID, Relationship Type, Synergistic Impact",8. Artifacts Key Items\WLF-ITEM-004_BlueStoneFragment_v1.0.md
WLF-ITEM-005_ValeriusJournal_v1.0,8. Artifacts Key Items,Axiomatic Spine,ACTIVE,v1.0,,,"A collection of loose-leaf vellum bound in dark, weathered leather. The journal contains the private thoughts, sketches, and mathematical proofs of [Valerius](file:///6.%20Characters/WLF-CHAR-004_Valerius_v1.0.md). -   **The Unmaking Proofs**: Theoretical work suggesting that the Great Sundering was not a mistake, but a necessary reset. -   **Mentor's Regret**: Early entries detail his admiration for Kaelen, juxtaposed against later entries detail his justification for the character's imprisonment. ⚡ **OPERATIONALIZE** Synergistic Artifact ID, Relationship Type, Synergistic Impact",8. Artifacts Key Items\WLF-ITEM-005_ValeriusJournal_v1.0.md
WLF-ITEM-006_SerafinasLocket_v1.0,8. Artifacts Key Items,Axiomatic Spine,ACTIVE,v1.0,,,"A simple silver locket belonging to [Serafina](file:///6.%20Characters/WLF-CHAR-003_Serafina_v1.0.md). It contains a faded image of her family and a microscopic piece of the [Fortress Library](file:///2.%20World%20&%20Setting/WLF-WRLD-006_FortressLibrary_v1.0.md) Heartstone. -   Represents the **Theme of Hope** and biological connection. -   Serves as a ""Miniature Anchor,"" allowing Serafina to practice [Healing Magic](file:///5.%20Magic%20and%20Power%20Systems/WLF-MAGI-006_HealingMagic_v1.0.md) even in weak Null Zones. ⚡ **OPERATIONALIZE** Synergistic Artifact ID, Relationship Type, Synergistic Impact",8. Artifacts Key Items\WLF-ITEM-006_SerafinasLocket_v1.0.md
WLF-ITEM-007_BlackFeather_v1.0,8. Artifacts Key Items,Axiomatic Spine,ACTIVE,v1.0,,,"> [!CAUTION] > **Somatic Warning**: Touching the feather evokes a sensation of crushing loneliness and a scent of dampened ash. - **Object**: A single, perfect, jet-black feather, longer than those of a common crow or raven. It possesses a subtle, iridescent oily sheen that seems to shift colors in low light. - **The Calling Card**: Found on Kaelen's pillow after his first major nightmare of the ""blackened world"" and the Shadowed Figure. Its physical existence proves that the barrier between Kaelen's mind and the encroaching Shadow is failing. - **Mechanic**: It serves as a **Sanity Anchor** (Negative). Its presence in Kaelen's inventory reminds him of the ""chilling intimacy"" offered by the Shadow.",8. Artifacts Key Items\WLF-ITEM-007_BlackFeather_v1.0.md
WLF-ITEM-008_BoneFetish_v1.0,8. Artifacts Key Items,Axiomatic Spine,ACTIVE,v1.0,,,"- **Object**: A crudely carved bone fetish, likely made from the rib of a large mammal (or human), bearing the distinct **Symbol of Binding**. It is found at the abandoned cultist camp in the Bloody Meadows. - **Function**: A focal point for the ""new vintage"" of evil spreading from Oakhaven. It is used by the Cult of Nyx to command **Blight Ghouls** and amplify the **Whispering Winds**. - **Prophetic Link**: Recognizable to Elder Theron as a physical manifestation of the ""Cursed Hero"" folklore. - **Clue Generator**: Studying the fetish reveals tactical information about the Cult's coordinate system (The Bloody Meadows, The Shadowed Vale). - **Corruption Pulse**: Holding the item allows Kaelen to sense the direction of the nearest ""Blight Heart,"" but at the cost of temporary **Corruption** ",8. Artifacts Key Items\WLF-ITEM-008_BoneFetish_v1.0.md
WLF-ITEM-009_OrderWhetstone_v1.0,8. Artifacts Key Items,Axiomatic Spine,ACTIVE,v1.0,,,"- **Object**: A standard-issue whetstone used by the Paladins of the Order of the White Flame to maintain their steel. It is blood-stained and was found abandoned beside a journal at a cultist camp in the Northern Marches. - **The ""Tell""**: Its presence provides the first physical evidence that the ""Shepherd"" or the leader of the local corruption is an active or former member of the Order. - **Atmospheric Impact**: For Garrett, this object is the catalyst for his ""Pragmatic Sentinel"" role, shifting his focus from external threats to internal surveillance. - **Evidence Check**: Presenting the whetstone to Brother Caius or Elder Lyra triggers unique dialogue regarding the tracking of specialized gear within the Order. - **Traitors' resonance**: If Kaelen holds the whetstone while using **Sha",8. Artifacts Key Items\WLF-ITEM-009_OrderWhetstone_v1.0.md
WLF-ITEM-010_ShadowsMark_v1.0,8. Artifacts Key Items,Axiomatic Spine,ACTIVE,v1.0,,,"- **Physical Appearance**: A spiderweb of thin, jet-black veins that appears on Kaelen's forearm following the Oakhaven Climax. It pulses with a faint, cold light when the Shadow is near or when Kaelen experiences high stress. - **Somatic Sensation**: Feels like a persistent ""burning cold"" beneath the skin. It cannot be healed by standard Light Magic; attempts at purification cause Kaelen extreme agony. - **The ""Tell""**: Kaelen keeps his forearm bandaged or hidden beneath heavy bracers to conceal this proof of his ""transformation."" - **Detection**: High-level Cultists of Nyx can sense the Mark, treating Kaelen as a ""Kin"" or a ""Preferred Vessel."" - **Shadow Resonance**: Increases the frequency and intensity of the Shadow Self's whispers.",8. Artifacts Key Items\WLF-ITEM-010_ShadowsMark_v1.0.md
Act 1 Outline,9. Plot and Narrative Structure,Axiomatic Spine,ACTIVE,v1.0,,,"- | :---- | Synergistic Artifact ID, Relationship Type, Synergistic Impact CORE-CODEX-001, GOVERNS, The Codex provides the Supreme Law for this artifact. GVRN.Registry.Master, INDEXES, This artifact is indexed in the Master Registry.",9. Plot and Narrative Structure\Act 1 Outline.md
Act 2 Outline,9. Plot and Narrative Structure,Axiomatic Spine,ACTIVE,v1.0,,,"- | :---- | Synergistic Artifact ID, Relationship Type, Synergistic Impact CORE-CODEX-001, GOVERNS, The Codex provides the Supreme Law for this artifact. GVRN.Registry.Master, INDEXES, This artifact is indexed in the Master Registry.",9. Plot and Narrative Structure\Act 2 Outline.md
Chapter 1 Summary_Fractured Reflections,9. Plot and Narrative Structure,Axiomatic Spine,ACTIVE,v1.0,,,"- | :---- | Your existing summary [[Kaelen]]`, `[[Garrett]]`, `[[Serafina]]`, `[[Brother Caius]]`, `[[Fortress of Light]]`, `[[Theme_Faith vs Doubt]]`, `[[Symbol_Black Feather]] Synergistic Artifact ID, Relationship Type, Synergistic Impact",9. Plot and Narrative Structure\Chapter 1 Summary_Fractured Reflections.md
Master Outline Overview,9. Plot and Narrative Structure,Axiomatic Spine,ACTIVE,v1.0,,,"- | :---- | Link to Act outlines, key turning points. [[Act 1 Outline]]`, `[[Act 2 Outline]]` Synergistic Artifact ID, Relationship Type, Synergistic Impact CORE-CODEX-001, GOVERNS, The Codex provides the Supreme Law for this artifact.",9. Plot and Narrative Structure\Master Outline Overview.md
Plot Point_Kaelen_s Dark Mode Usage,9. Plot and Narrative Structure,Axiomatic Spine,ACTIVE,v1.0,,,"- | :---- | Synergistic Artifact ID, Relationship Type, Synergistic Impact CORE-CODEX-001, GOVERNS, The Codex provides the Supreme Law for this artifact. GVRN.Registry.Master, INDEXES, This artifact is indexed in the Master Registry.",9. Plot and Narrative Structure\Plot Point_Kaelen_s Dark Mode Usage.md
WLF-PLOT-INDEX,9. Plot and Narrative Structure,[CANON] Act & Chapter Blueprints,ACTIVE,v15.0 [OMEGA],PART_OF: WLF-ROOT-001,index; plot-narrative; nexus,- **[WLF-PLOT-001 Master Outline](./WLF-PLOT-001_MasterOutline_v1.0.md)**: The structural core. - **[WLF-PLOT-002 Act I Outline](./WLF-PLOT-002_Act1Outline_v1.0.md)**: The descent into Oakhaven. - **[WLF-PLOT-003 Act II Outline](./WLF-PLOT-003_Act2Outline_v1.0.md)**: The institutional trial. - **[WLF-PLOT-010-013 Chapters 1-4](./)**: Segmented scene breakdowns. - **[WLF-PLOT-022 Dark Mode Usage](./WLF-PLOT-022_DarkModeUsage_v1.0.md)**: Tactical/narrative triggers.,9. Plot and Narrative Structure\README.md
WLF-PLOT-000,9. Plot and Narrative Structure,The Loom: Master Topological Index,ACTIVE,v15.0 [OMEGA],"MAPS_TO: 1. Core Concepts & Themes/README.md; MAPS_TO: 2. World & Setting/README.md; MAPS_TO: 3. History, Lore, & Mythology/README.md; MAPS_TO: 4. Society, Cultures, & Factions/README.md; MAPS_TO: 5. Magic and Power Systems/README.md; MAPS_TO: 6. Characters & Arcs/README.md; MAPS_TO: 7. Bestiary & Races/README.md; MAPS_TO: 8. Artifacts Key Items/README.md; MAPS_TO: 9. Plot and Narrative Structure/README.md; MAPS_TO: 10. Key Symbols & Motifs/README.md; MAPS_TO: 11. Narrative Outlines & Drafts/README.md; MAPS_TO: 13. Visual & Aesthetic Direction/README.md",loom; master-index; nexus,- [ ] Audit graph symmetry in Obsidian. - [ ] Connect pending [NEXUS] nodes from sub-directories.,9. Plot and Narrative Structure\WLF-PLOT-000_LoomMasterIndex_v1.0.md
WLF-PLOT-001_MasterOutline_v1.0,9. Plot and Narrative Structure,Axiomatic Spine,ACTIVE,v1.0,,,"The narrative arc of ""Where Light Fades"" follows the psychological and spiritual descent of [Kaelen](file:///6.%20Characters/WLF-CHAR-001_Kaelen_v1.0.md) as he discovers the terminal decay of his world and his own internal corruption. - **Act I: The Flickering Candle**: Focuses on the ""Facade of Order"" in the Fortress of Light, culminating in the **Oakhaven Climax** (The Savior's Guile). - **Act II: The Shadows Lengthen**: Focuses on the Trio as controlled subjects, the deepening ""Seeds of Suspicion,"" and the journey into the Shattered Lands. - **Act III: The Extinguished Sun (TBD)**: Focuses on the final confrontation with Valerius and the quest for **Synthesis**. - **Faith vs. Doubt**: The internal conflict between Paladin duty and the ""Voices of the Void.""",9. Plot and Narrative Structure\WLF-PLOT-001_MasterOutline_v1.0.md
WLF-PLOT-002_Act1Outline_v1.0,9. Plot and Narrative Structure,Axiomatic Spine,ACTIVE,v1.0,,,Establish the status quo of the [Fortress of Light](file:///2.%20World%20&%20Setting/WLF-WRLD-001_FortressOfLight_v1.0.md) and the initial cracks in Kaelen's faith. 1. **Seeds of Light (Chapter 1)**: - **The Discordant Omen**: Training yard vision and the missing **Hand of Purity**. - **The Linchpin Mandate**: Valerius's tactical framing of the Oakhaven mission. - **The Calling Card**: Kaelen finds the **Jet-Black Feather** after his nightmare.,9. Plot and Narrative Structure\WLF-PLOT-002_Act1Outline_v1.0.md
WLF-PLOT-003_Act2Outline_v1.0,9. Plot and Narrative Structure,Axiomatic Spine,ACTIVE,v1.0,,,"Journey into the ""un-mirrored"" world and experience the first major permanent loss. 1. **The Behavioral Trap (Chapter 4)**: The Trio's return to the Fortress under grey skies. Valerius's public praise vs. private manipulation. Kaelen's isolation and the first ""monstrous joy"" remorse. 2. **The Seeds of Suspicion**: Garrett's investigation into Valerius's ""perfect timing"" at Oakhaven. Secret meetings and the deciphering of archaic Order ciphers. 3. **The Betrayer's Shadow**: Discovery of [Valerius's Journal](file:///8.%20Artifacts%20Key%20Items/WLF-ITEM-005_ValeriusJournal_v1.0.md) and the first Concrete clues of the ""Eldrin Affair."" 4. **The Breach of Trust**: A confrontation with Brother Caius that reveals the missing [Hand of Purity](file:///8.%20Artifacts%20Key%20Items/WLF-ITEM-003_HandO",9. Plot and Narrative Structure\WLF-PLOT-003_Act2Outline_v1.0.md
WLF-PLOT-010_Chapter1_v1.0,9. Plot and Narrative Structure,Axiomatic Spine,ACTIVE,v1.0,,,"Kaelen duels Garrett in the training yard; a vision of a **Shadowed Figure** and a **Discordant Hum** from his blade shatter his focus. - **The Discordant Omen**: Training yard vision; Brother Caius warns that the ""greatest battles are fought within the heart."" - **The Institutional Void**: In the chapel, Caius reveals the",9. Plot and Narrative Structure\WLF-PLOT-010_Chapter1_v1.0.md
WLF-PLOT-011_Chapter2_v1.0,9. Plot and Narrative Structure,Axiomatic Spine,ACTIVE,v1.0,,,"The Trio travels the [Paladin's Road](file:///2.%20World%20&%20Setting/Locations/WLF-WRLD-014_PaladinsRoad_v1.0.md); the land is a ""muted tableau of decay,"" and Kaelen hears the first sibilant whispers of **Nyx**. - **The Whispering Road**: The Trio experiences sensory distortion and the ""Whispering Winds."" Kaelen struggles with the **[Jet-Black Feather](file:///8.%20Artifacts%20Key%20Items/WLF-ITEM-007_BlackFeather_v1.0.md)** secret. - **The Meadow Skirmish**: A scream leads them to Elara, cornered by **Blight Ghouls**. Serafina's shield fails, and Elara is injured. - **The Unnatural Burst**: Kaelen surrenders to a ""torrent of icy fire,"" exhibiting **Crimson Eyes** and superhuman speed to shatter a Ghoul. Elara looks at him with terror. - **The Prophet's Warning**: Elder Theron introduces",9. Plot and Narrative Structure\WLF-PLOT-011_Chapter2_v1.0.md
WLF-PLOT-012_Chapter3_v1.0,9. Plot and Narrative Structure,Axiomatic Spine,ACTIVE,v1.0,,,"Propelled by the horrifying realization of the trap set for him, Kaelen and the trio race to confront the enemy at the Great Oak. Faced with overwhelming odds and the failure of their standard tactics, Kaelen makes a conscious and terrifying choice to embrace the darkness within his blade. While he succeeds in saving Elara, he unleashes a monstrous power that horrifies his companions and himself, falling into a trap orchestrated by Valerius. - **Primary Theme**: Desperate Urgency. The frantic race against the ritual. - **Secondary Theme**: The Perversion of the Sacred. The Great Oak twisted into a profane altar. - **Character-Specific Theme**: The Seductive Price of Power. Kaelen's conscious embrace of darkness for a ""righteous"" cause. - **Foreshadowing Theme**: A Deeper Betrayal. The spec",9. Plot and Narrative Structure\WLF-PLOT-012_Chapter3_v1.0.md
WLF-PLOT-013_Chapter4_v1.0,9. Plot and Narrative Structure,Axiomatic Spine,ACTIVE,v1.0,,,"Kaelen returns to the Fortress of Light, hailed as a troubled hero but privately crushed by guilt over the ""monstrous joy"" he felt during the Oakhaven rescue. This experience amplifies Oathbringer's dark influence, driving him into self-imposed isolation and creating a visible rift between him and his friends. As Kaelen pushes Garrett and Serafina away, his desperate search for answers in the Order's archive is intercepted by Valerius, who begins a masterful campaign of psychological manipulation—framing Kaelen's power as a necessary evil for the short-staffed Order. - **Primary Theme**: Guilt & Shame. The internal fallout of the ""Shadow Embraced"" event. - **Secondary Theme**: Isolation. The tactical breakdown of the Trio's bond by both their own fear and Valerius's design. - **Character-S",9. Plot and Narrative Structure\WLF-PLOT-013_Chapter4_v1.0.md
WLF-PLOT-020_KaelensImprisonment_v1.0,9. Plot and Narrative Structure,Axiomatic Spine,ACTIVE,v1.0,,,"Fifteen years ago, [Valerius](file:///6.%20Characters/WLF-CHAR-004_Valerius_v1.0.md) successfully framed [Kaelen](file:///6.%20Characters/WLF-CHAR-001_Kaelen_v1.0.md) for a crime against the Order—likely involving the ""misuse"" of restricted Eldorian artifacts that Valerius himself was experimenting with. - **The Loss of Time**: Kaelen has missed the most rapid period of environmental decay. - **The Source of Doubt**: The betrayal is the primary fuel for his Shadow Self development. - **The Facade**: The Order used his ""corruption"" as a cautionary tale to keep other Paladins in line. ⚡ **OPERATIONALIZE**",9. Plot and Narrative Structure\WLF-PLOT-020_KaelensImprisonment_v1.0.md
WLF-PLOT-021_OakhavenClimax_v1.0,9. Plot and Narrative Structure,Axiomatic Spine,ACTIVE,v1.0,,,"Occurring at the climax of Act 1, the **Confrontation at the Great Oak** represents the collision of Kaelen's desperation and Valerius's strategic genius. The village of Oakhaven, the ""Heart of the Blight,"" serves as the stage for Kaelen's first conscious choice to use the Shadow. - **The Shadow Embraced**: After the Trio's coordinated efforts fail to stop the ""Shepherd,"" Kaelen consciously gives into the darkness to save Elara. He annihilates the cultist force but collapses under the physical strain and manifestation of the **Shadow's Mark**. - **The Savior's Guile**: Valerius intercedes at the moment of Kaelen's vulnerability. - **Silencing the Witness**: He executes the final cultist acolyte using an ""ambiguous concussive blast,"" framing it as a necessary defense of the Trio. - **The Na",9. Plot and Narrative Structure\WLF-PLOT-021_OakhavenClimax_v1.0.md
WLF-PLOT-022_DarkModeUsage_v1.0,9. Plot and Narrative Structure,Axiomatic Spine,ACTIVE,v1.0,,,"The use of **Dark Mode** is a Faustian bargain. While it provides the power necessary to survive the Shattered Lands, each use erodes Kaelen's standing with his allies and his own sanity. - **Social**: [Serafina](file:///6.%20Characters/WLF-CHAR-003_Serafina_v1.0.md) becomes fearful; [Garrett](file:///6.%20Characters/WLF-CHAR-002_Garrett_v1.0.md) becomes protective but cautious. - **Internal**: The [Shadow Self](file:///6.%20Characters/WLF-CHAR-007_Shadow_Self_v1.0.md) gains more ""Dialogue Priority"" in the narrative. - **Environmental**: Nearby fauna may become passive or treat Kaelen as ""one of their own."" ⚡ **OPERATIONALIZE**",9. Plot and Narrative Structure\WLF-PLOT-022_DarkModeUsage_v1.0.md
WLF-PLOT-TPL-001_ChapterScene_Template_v1.0,9. Plot and Narrative Structure,Axiomatic Spine,ACTIVE,v1.0,,,"> [!NOTE] > This document provides the standardized template for structuring Chapters and Scenes within the ""Where Light Fades"" narrative. **I. OVERALL CHAPTER SUMMARY:** [Provide a concise, 2-4 sentence paragraph summarizing the chapter's main arc. This should cover the protagonist's starting point, the central conflict or key event of the chapter, and where the character is left by the end.] **II. THEMATIC FOCUS:**",9. Plot and Narrative Structure\WLF-PLOT-TPL-001_ChapterScene_Template_v1.0.md
